,"tactile_static_data.left.std.clip(ret/60.0, -5, 5)","tactile_static_data.right.std.clip(ret/60.0, -5, 5)",robotiq_force_sensor.wrench.force.norm.dividedby10,robotiq_force_sensor.wrench.torque.norm.dividedby0.4,wrench.force.x.ret/10.0,wrench.force.y.ret/10.0,wrench.force.z.ret/10.0,wrench.torque.x.ret/10.0,wrench.torque.y.ret/10.0,wrench.torque.z.ret/10.0,baxter_enpoint_pose.twist.linear.norm.dividedby0.4,baxter_enpoint_pose.twist.angular.norm,baxter_enpoint_pose.twist.linear.x,baxter_enpoint_pose.twist.linear.y,baxter_enpoint_pose.twist.linear.z,baxter_enpoint_pose.twist.angular.x,baxter_enpoint_pose.twist.angular.y,baxter_enpoint_pose.twist.angular.z,pose.position.x,pose.position.y,pose.position.z
1527300355.99,5.0,5.0,3.307069141244,0.11683060660230062,0.669399995803833,0.3348000001907349,3.2193999099731445,0.0013400000520050527,0.0018000000528991223,-0.003999999985098839,0.027052740152795088,0.024686676181906893,-0.0015691532919070396,0.0010502824547028386,-0.00030658406649604813,-0.00468060817148013,-0.0003064806156973345,0.015222267777031158,0.6040127789180052,-0.1778427823872865,0.06211985422160093
1527300356.09,5.0,5.0,3.245637931434276,0.13089838434481998,0.6697999954223633,0.3696000051498413,3.1527999496459964,0.002040000073611736,0.0022800000570714473,-0.003999999985098839,0.025511701559055747,0.02226329105389804,-0.003005160597873829,0.0002566509999354048,-0.0019547346078550303,-0.001205537549077975,0.002325227002645827,0.008598023810617049,0.6040659322900753,-0.17781249240506375,0.06216321663039329
1527300356.19,5.0,5.0,3.235428728611407,0.1403500526141723,0.692799997329712,0.38660000801086425,3.1361999893188477,0.0022800000570714473,0.0023600000329315664,-0.004320000037550926,0.024932855256859583,0.022378375924858498,-0.003907209663995724,-0.0027338555077249718,-0.003653707815475048,0.0012220501918858298,0.0054545520209449356,-0.0018946416844309204,0.6040025443310676,-0.1777713120288161,0.062195252165160364
1527300356.29,5.0,5.0,3.176569496573283,0.14924807330248765,0.6597999954223635,0.33760000467300416,3.0872000122070316,0.0029000000655651096,0.0028400000557303427,-0.004219999983906746,0.02775674555945466,0.02582694637036383,-0.00681338836157917,-0.003631161413628358,-0.0044952957739032556,-0.005451121049040246,0.008483868867831848,0.0022738011694546376,0.6039007391557267,-0.17774305038465177,0.06215089641564476
1527300356.39,5.0,5.0,3.144855220008936,0.16096463692381158,0.6615999984741212,0.31840000391006473,3.056000022888184,0.0030400000512599947,0.00294000007212162,-0.004679999947547912,0.0224537859557855,0.02122723782100693,-0.0021172985067418573,-0.0012386864712538744,-0.0026742352856416697,1.2034289091301612e-06,0.002270554208575812,0.0006025279156540618,0.604012374738297,-0.17778307122947443,0.0621848601037288
1527300356.49,5.0,5.0,3.165128672848386,0.15036772056795478,0.6572000026702881,0.26660000085830693,3.082400054931641,0.0027000000141561035,0.002760000042617321,-0.004419999942183494,0.033069853155427154,0.02710849076170684,0.0015836460611010769,-0.00048738881294323736,8.269801892831858e-05,0.0010363406439896743,-0.0031011486104639816,-0.0028572115360248414,0.6038919454256123,-0.17781742998887567,0.062067754417005676
1527300356.59,5.0,5.0,3.2149630765951493,0.13744832826562695,0.6653999996185304,0.2275999999046326,3.135800018310547,0.0022399999760091306,0.002360000014305115,-0.004340000003576279,0.043529727511069725,0.03224022049864303,0.007180760599834818,0.0007126093838812256,0.0024863859017897616,0.003125286542827122,-0.009623482810837391,-0.004545336774987607,0.6041224431803195,-0.17778992649455186,0.06214704481982163
1527300356.69,5.0,5.0,3.205432301336328,0.13494807789928429,0.6580000019073486,0.20939999818801883,3.129199981689453,0.0021999999694526195,0.0024800000339746477,-0.004179999977350236,0.048700961295982496,0.03207037543810222,0.004074101683560031,0.003404223230494605,0.0020897570242653283,0.001941560439558499,-0.0051800470612901155,0.0011502389196115224,0.604430877675965,-0.1778119608583691,0.0622883975969791
1527300356.79,5.0,5.0,3.2631028698338196,0.12228615008530094,0.7010000038146973,0.18459999918937683,3.1797999954223637,0.0018399999476969241,0.0021200000122189523,-0.003980000019073487,0.050794048815024494,0.031577026812799905,0.009682437942964233,0.006057454509279034,0.004344811632238585,0.006648670233549585,-0.011689220701830585,-0.003837369321970544,0.6046846151914697,-0.17767107982241015,0.06245951702254719
1527300356.89,5.0,5.0,3.2812752108476744,0.12493850659274873,0.6934000015258789,0.18640000224113468,3.200200004577637,0.0018799999542534352,0.0021800000220537187,-0.004060000032186509,0.05060274387212738,0.02935793394448868,0.009601180201514754,0.0014191185037770227,0.0038194314184049278,0.0037341849621030767,-0.012366556657784786,-0.01093625669809181,0.6047981675676695,-0.17778401279796588,0.06252332544617209
1527300356.99,5.0,5.0,3.293067678529817,0.120731457146551,0.7060000038146973,0.2010000026226044,3.2088000106811525,0.0019599999487400054,0.002240000031888485,-0.0037600000575184825,0.05201478682125437,0.0314963033538473,0.010926378788257281,0.0011701540504689533,0.002102094016382848,0.007459993901879473,-0.012792427565205272,-0.011733810911358068,0.6052842660929874,-0.17749991061989454,0.06280175511308819
1527300357.09,5.0,5.0,3.2873031159086437,0.12265172491393016,0.7310000038146973,0.2253999984264374,3.1952000427246094,0.0019399999454617499,0.0023200000450015073,-0.003820000030100346,0.042925780587324776,0.025317723042038394,0.007012356104593606,0.00020120950586808396,0.001694978538418444,0.004350278265118186,-0.00756033488840527,-0.009567097360965709,0.6054514662455102,-0.17749728471772025,0.06290814875572598
1527300357.19,5.0,5.0,3.311064110489568,0.12059597457210457,0.7480000019073487,0.2553999984264374,3.2130000305175783,0.001879999954253435,0.002120000049471856,-0.0038399999961256986,0.04159367841418368,0.023659754046276113,0.009934669981687358,-0.004211820601812952,0.002732940883251855,0.00016121138149742328,-0.011957227061246396,-0.009317455389581042,0.605476598256654,-0.17749865440024268,0.06291210263487979
1527300357.29,5.0,5.0,3.3188014247571807,0.12536751898241877,0.7522000026702881,0.3115999984741211,3.216800003051758,0.0017599999718368052,0.0022600000351667405,-0.004059999994933606,0.03780049145687875,0.02343341587092845,0.008008819329740003,-0.003320973847350339,0.002956983948528251,0.004063077019177437,-0.011992515232578296,-0.006595290058791427,0.6054360337819679,-0.17752231015621892,0.06285695779973208
1527300357.39,5.0,5.0,3.3395944927779877,0.11663825459296198,0.7705999946594239,0.3241999959945679,3.2325999832153323,0.0015199999697506428,0.0021600000187754634,-0.003780000023543835,0.03917036108798719,0.023921596644358206,0.005285141294154321,-0.002529414884297807,0.002500808643715803,0.0035087648124325615,-0.008254025491090852,-0.0049997003759028385,0.6054720225389,-0.1773513603770263,0.06289427207720613
1527300357.49,5.0,5.0,3.3516320908094146,0.12010090519082929,0.782799997329712,0.33959999561309817,3.2409999465942385,0.0013599999807775022,0.002160000018775463,-0.00403999999165535,0.03481512476214785,0.020136028597386526,0.0026413293901907833,-0.0013068417645623438,0.0035165545072251042,0.0005733432736420672,-0.006516197913885587,-0.0017540858654833665,0.6054117883612489,-0.17749790934108117,0.06287119418174236
1527300357.59,5.0,5.0,3.3549136284902152,0.11770566203482405,0.777799997329712,0.2985999965667725,3.2485999298095707,0.0013799999840557575,0.00222000002861023,-0.003839999996125698,0.03364247138870072,0.022837793408513773,0.001822652325173207,-0.0010720115168056015,0.0029024992673606143,-0.0017345141722740042,-0.0065876359467047455,0.003968593958024831,0.6052575882300413,-0.1774728351646544,0.06285736425155763
1527300357.69,5.0,5.0,3.3357544396836167,0.11453280961547357,0.7793999958038331,0.2769999980926514,3.230599975585938,0.001579999998211861,0.0024799999967217447,-0.0033800000324845317,0.030149887895558815,0.022557387956830793,0.0021951537613657712,0.000954438347559948,0.00444920832847756,-0.00038397363826809074,-0.009774291201837072,0.001564440932396476,0.6053188804305543,-0.1773773932350032,0.06288120539847826
1527300357.79,5.0,5.0,3.324791430040105,0.10609725021790786,0.7711999893188477,0.2589999961853027,3.2227999877929685,0.001719999983906746,0.002320000007748604,-0.002940000034868717,0.03133402813604416,0.029964794052789814,0.0022612128432797788,-0.0010414405163346415,0.00512671944840916,-0.00765031552153178,-0.0038031822131576604,0.014178359064998864,0.60555590979151,-0.17737967026083187,0.06300862473388438
1527300357.89,5.0,5.0,3.3578322141152808,0.10805159262241192,0.7923999977111816,0.2549999952316284,3.2519999694824215,0.002239999957382679,0.001740000005811453,-0.0028600000217556955,0.07910792888364558,0.042382568396185,0.025048847641461508,0.0025393135866670718,0.013733667872805208,0.0035358280918860348,-0.01921933125289119,0.0174499457318803,0.606943274952982,-0.17734103881455746,0.06348048119414368
1527300357.99,5.0,5.0,3.362574780936745,0.09862849747506297,0.8245999908447266,0.26179999351501465,3.247999954223633,0.0022799999639391898,0.0013000000081956386,-0.0025600000470876695,0.14001952004797985,0.06312515278238891,0.048333463045245766,-0.008679490859119086,0.015682880328960196,0.004279805750159389,-0.0206232777078586,-0.007088972875150921,0.6104478992001122,-0.1774146038051627,0.06454184487284502
1527300358.09,5.0,5.0,3.3368265854503623,0.09656487264185112,0.8129999923706056,0.25719999551773076,3.224399948120117,0.002219999991357327,0.0013800000213086605,-0.0017000000178813935,0.20301164034369762,0.09758640241423258,0.07261131850007875,-0.019994918579045784,0.018006208454487076,0.017120938493279673,-0.017047997663536096,-0.049034180442872555,0.6164775838544201,-0.17856969927368857,0.06588889624661225
1527300358.19,5.0,5.0,3.3504927839387304,0.10001413294483202,0.8317999839782716,0.20339999474585058,3.235999908447266,0.002199999988079071,0.0012000000290572643,-0.002060000002384186,0.2781509096556062,0.14834771248915898,0.09918226873002546,-0.036442461002938485,0.01786713364037383,0.03459052011804203,-0.014833251550730326,-0.09943845765452954,0.6248065649483583,-0.18121421449501404,0.06749792586393935
1527300358.29,5.0,5.0,3.3542715501273914,0.10875634495381538,0.818799991607666,0.22599999703466894,3.240799865722656,0.00215999998152256,0.001140000019222498,-0.0025599999725818634,0.35635708105845293,0.18935254109427158,0.11877346233840212,-0.06202472149855129,0.01581619393292603,0.046108166511730934,0.016831493923287116,-0.1537800840370162,0.6351084684390632,-0.1861781056800957,0.06903738774298054
1527300358.39,5.0,5.0,3.336588046470225,0.10652998035849771,0.8257999992370606,0.22379999913275242,3.220599899291993,0.0015800000168383122,0.0012600000202655794,-0.002759999930858612,0.41919432976316295,0.24654426094896978,0.13089886213335844,-0.09788779529186319,0.0035621505088840647,0.05268524829617351,0.0514595869071573,-0.22464966009835233,0.6471189698927542,-0.19404390294308416,0.06995841503669205
1527300358.49,5.0,5.0,3.322291720308444,0.1406778171522455,0.7815999984741211,0.23080000199377537,3.215999908447266,0.002100000027567148,0.0020400000363588336,-0.003839999921619892,0.4735315232731945,0.30315958679741484,0.13804278051796476,-0.12493269144935422,-0.004236843798094296,0.07034104488699366,0.09085099444230856,-0.27229402070514014,0.6601840296999554,-0.20517220651924895,0.06986784725531112
1527300358.59,5.0,5.0,3.3668494745904773,0.16121170115936712,0.7980000019073487,0.2402000001817942,3.2575999450683595,0.0028000000305473806,0.0025800000131130218,-0.004519999921321869,0.557965811347335,0.35197343262833947,0.15338280612829036,-0.1599608972689383,-0.012206959221874602,0.08000015669558218,0.1096382150387953,-0.31763337455745977,0.6746404197182415,-0.21936317382207463,0.06905004863833807
1527300358.69,5.0,5.0,3.334062408387021,0.17608425797100186,0.7722000122070313,0.3057999992370606,3.226799964904785,0.0032599999941885474,0.0034200000390410424,-0.004179999940097333,0.6375372949680432,0.3665113598506485,0.16249789911740192,-0.19514018894013518,-0.012803061121898433,0.06920786919380433,0.13592391619198696,-0.3289082828539552,0.6903593443263224,-0.236777030958329,0.0677699630767161
1527300358.79,5.0,5.0,3.2681704204723645,0.16773783661894606,0.7336000061035156,0.3053999996185303,3.1668000030517582,0.002900000009685755,0.003780000060796738,-0.003559999950230122,0.7209883337768421,0.3833981744912152,0.17192485188438006,-0.22859924335062518,-0.015617229095522071,0.06319133663200659,0.1233400562617397,-0.3545869158640603,0.707181826037069,-0.2574756926389495,0.0662880696288694
1527300358.89,5.0,5.0,3.2280652781828643,0.1577898563084027,0.6501999950408935,0.2787999987602234,3.146800003051758,0.002219999991357327,0.0038400000613182782,-0.0025199999846518043,0.7646119683248871,0.36981663271720255,0.16507865460848145,-0.25405418507566024,-0.01198583267707109,0.04154373626942701,0.11862355499198235,-0.3432094341751102,0.724264565360398,-0.280797298017644,0.06509044122180233
1527300358.99,5.0,5.0,3.2119979815666744,0.1509722794804781,0.6265999984741212,0.26359999895095826,3.1366000366210938,0.0015799999795854094,0.004560000104829669,-0.0015799999795854094,0.801099624874818,0.34079854324114917,0.1644470712442777,-0.27226859109059304,-0.0016002411510620436,-0.003239244008494419,0.07211719864642341,-0.31628559168423726,0.7410100779463851,-0.3061133399606496,0.06449630835128145
1527300359.09,5.0,5.0,3.158890860927186,0.14049108950039157,0.5701999950408936,0.28379999876022344,3.092200012207031,0.0003199999593198301,0.004520000098273158,-0.0015000000037252903,0.7695819357443956,0.29085832350249874,0.1447103332195564,-0.2702167905960671,0.008114004104792967,-0.0378390776680577,0.049159920950277824,-0.2696904970814096,0.7562296713510763,-0.3318250509349145,0.06475237213725955
1527300359.19,5.0,5.0,3.157320798145483,0.12427093104032709,0.5591999912261962,0.268199999332428,3.0946000289916995,-0.0002999999932944774,0.004100000066682696,-0.001439999993890524,0.7099201651892864,0.25141937647969403,0.13251699021937396,-0.2485019937363954,0.015890282788439895,-0.05864338817429463,0.0028438411782306387,-0.22040608230516096,0.7699534412768969,-0.35671518140061304,0.06602411729507593
1527300359.29,5.0,5.0,3.18087855930139,0.1265498299994235,0.5685999965667725,0.25220000028610234,3.1186000061035157,-0.0006999999843537808,0.004100000066682697,-0.0011399999912828208,0.622574193174515,0.20313002503342661,0.1138712178808744,-0.2179824427596143,0.025533307859700014,-0.07162440474347456,-0.021752946234721484,-0.17122785482869976,0.7820708536338844,-0.37882656933695485,0.06815785427457982
1527300359.39,5.0,5.0,3.1727806987997678,0.14926599070698923,0.597200002670288,0.2609999990463257,3.1042000198364263,0.000540000032633543,0.005320000126957893,-0.0013199999928474428,0.5198313076780768,0.16930237237339704,0.0996987660922989,-0.1787430998177317,0.030613313761408044,-0.08444575979781066,-0.04819010623847162,-0.12894990737421053,0.7921404009617584,-0.39765491516212237,0.0708327187735824
1527300359.49,5.0,5.0,3.153751479423084,0.14196742568446266,0.6126000022888184,0.24239999771118165,3.0831999969482426,0.0008800000324845314,0.00506000004708767,-0.0007200000062584878,0.40049013157208513,0.1395629859094229,0.07993788831638668,-0.13191019506867527,0.0309060137165963,-0.07773826450030587,-0.050118845004347407,-0.07870834677186091,0.8005051186576538,-0.4126836243041294,0.07392148179615816
1527300359.59,5.0,5.0,3.181320012732664,0.1304192627107734,0.6550000095367432,0.23799999713897707,3.1036000061035156,0.0013600000366568565,0.004600000083446503,-0.0005200000014156103,0.3116268758068947,0.10518927945656345,0.06234584324669726,-0.0994980740692693,0.0315615009646206,-0.06836703093732814,-0.05045015333095537,-0.043392210058966714,0.8072469082101593,-0.42421966119285665,0.07728304267967197
1527300359.69,5.0,5.0,3.219193295570021,0.1287284375919252,0.6576000118255615,0.26559999942779544,3.1391999816894534,0.0012600000202655792,0.004440000131726266,-0.0006799999903887511,0.2366923675148181,0.08570420496672498,0.03773922192672138,-0.07746320637309433,0.026905763777599383,-0.05594813821151068,-0.024204905450208373,-0.03574758429641123,0.8119206507874263,-0.4325693770217744,0.08019223011879818
1527300359.79,5.0,5.0,3.2510060810305066,0.13339087665756832,0.6930000114440918,0.2953999996185303,3.1613999938964845,0.002019999995827675,0.004680000096559525,-0.0006999999936670065,0.1832230673491444,0.07600458493332869,0.03159599369545348,-0.05706527182945274,0.022574744437739453,-0.046148306047936676,-0.032286031282098705,-0.019918359300884075,0.8153347708662205,-0.43875060140325883,0.08281766411672446
1527300359.89,5.0,5.0,3.2510545831791573,0.1266082351703003,0.6800000095367432,0.3108000040054321,3.1627999877929693,0.0019799999892711638,0.00438000001013279,-0.0007599999941885472,0.16967791225408058,0.07687651030915554,0.017595741754672895,-0.054857361772225256,0.02032363823852731,-0.033114870045696326,-0.020581809515057354,-0.03127415788351588,0.8177017660920719,-0.4433655179549952,0.08490846365341867
1527300359.99,5.0,5.0,3.290740234617403,0.12505265436943794,0.684000005722046,0.310600004196167,3.2025999832153325,0.0022199999541044233,0.004180000051856041,-0.0008399999979883432,0.14785833551795718,0.06648920449169364,0.004158977043488993,-0.054213463993727215,0.013488845579653396,-0.02252627186456455,-0.002359372931870463,-0.04666035380818993,0.8187315719026709,-0.4469248436983328,0.0863795209827108
1527300360.09,5.0,5.0,2.65529702889901,0.13989775982094801,0.5400599985122682,0.26428000617027286,2.557119987487793,0.0025599999353289604,0.004620000049471855,-0.0011399999819695949,0.14180457789329784,0.07665121457406851,-0.0036321968582047354,-0.0489876296686105,0.0020760970321340748,-0.021582174525832405,0.012351281259401428,-0.05052165325075,0.819338597960184,-0.4500899147347712,0.08724995401250865
1527300360.19,5.0,5.0,1.9950621482683488,0.14341072355953235,0.40591999626159675,0.18416000223159792,1.9146400222778321,0.0027199999243021013,0.004640000015497208,-0.0012599999643862247,0.13718778734334275,0.07965039786657326,-0.005815837154234186,-0.047118678440617616,-0.003045893360525187,-0.01750540702985929,0.009794185636983687,-0.05637538467610961,0.8197951749078898,-0.45235019246227315,0.08765390022066998
1527300360.29,5.0,5.0,1.3711046470067993,0.1537078009237347,0.2725799932479859,0.11184000039100647,1.2379600372314454,0.0031999999284744265,0.004800000041723251,-0.001519999960437417,0.11827262408538115,0.07193241607330972,-0.012296559441491,-0.041160092624771424,-0.0033464179667252424,-0.019838798355240796,0.021275146699174272,-0.05600066696610567,0.8197856582460775,-0.4539051617398832,0.08750988668443672
1527300360.39,5.0,5.0,0.7637961512306352,0.1618114363081603,0.1574399967193604,0.05752000045776366,0.581880027770996,0.00335999995470047,0.004920000061392785,-0.0020199999865144493,0.07726027565848322,0.04835906931774851,-0.011109067793033259,-0.023694509484125624,-0.004351199265722532,-0.011513805962993211,0.020012022772863163,-0.031820205038705564,0.8197370212639833,-0.4552596404817906,0.08749580207807957
1527300360.49,5.0,5.0,0.11745850947241195,0.16308757713037056,0.0273000001907349,0.035399998426437373,-0.07539997100830093,0.0031799999997019768,0.004700000062584878,-0.002819999977946282,0.06738566209456308,0.04073833981325133,-0.00730747830384344,-0.014505690268245454,-0.0025360795984077523,-0.0031270079083124632,0.011366502725151778,-0.02101359035919572,0.8196929273222879,-0.45580767000382755,0.08725775078857372
1527300360.59,5.0,5.0,0.1364443257204789,0.1570342979176679,0.05470000743865971,0.01419999718666076,-0.07139999389648452,0.0031599999964237215,0.004360000044107437,-0.002919999994337559,0.04525836986814923,0.028067378673542073,-0.0023556343767983825,-0.009342656021901503,0.004258052652477134,-0.001989527766166315,-0.0013365914435517646,-0.016283032558123627,0.8194911397351022,-0.4557994292852468,0.08702404920076967
1527300360.69,5.0,5.0,0.13270751805524864,0.1516747187734844,0.0537000131607056,0.02159999966621398,-0.08600002288818373,0.0030800000019371512,0.004440000057220459,-0.0024000000208616256,0.03622350727664897,0.022520871181281314,0.0023592078478840016,0.001986174409451071,0.005864043172944804,-0.0035776256166410087,-0.004860266657275665,0.003388199224379221,0.819392566571976,-0.45603792358332595,0.08691832098042801
1527300360.79,5.0,5.0,0.1232202749365554,0.14059610892404584,0.06770000934600834,0.004200001955032341,-0.06000003814697281,0.0026800000108778473,0.00414000004529953,-0.0025000000186264516,0.03256511979220447,0.021982173352234378,0.0007747749187654732,0.006521832434001444,0.0027363593520743595,0.0017406193484715811,0.0005468980520894105,0.00624195472346365,0.8194475395398821,-0.4560816360333926,0.08694861780328855
1527300360.89,5.0,5.0,0.10692067906419654,0.12692933137905207,0.07290000438690189,-0.013999999761581429,-0.02900005340576186,0.0023199999891221528,0.003780000060796738,-0.001439999993890524,0.03390587726318451,0.023163926676111838,0.002238073463209885,0.007514050561691664,-0.0003670979258639464,0.0010971366413310148,-0.0007255478173818891,0.011608430000225408,0.8194257133434389,-0.4560015787956795,0.08688401760207105
1527300360.99,5.0,5.0,0.12257526005558314,0.11546141613370757,0.10270000934600834,-0.03859999537467957,-0.030600051879882958,0.002179999966174364,0.0037200000137090684,-0.0005199999967589974,0.032590640604390875,0.0220818882735714,0.00136886359968954,0.00591533585326718,0.0004017849734924263,0.0011756113584798823,0.0004629457858654296,0.010999293380360747,0.8193655165676121,-0.4562346779750306,0.08690798298212622
1527300361.09,4.038386350500691,4.049054986732808,0.11592904936845955,0.11255686257232779,0.09850000858306888,-0.010199996232986458,-0.037000045776367334,0.002139999996870756,0.0036999999731779096,-0.0002999999979510904,0.041511888063949516,0.02564483136501341,0.001878405167867006,0.010450775571209837,0.001085133921822169,0.006139922527921702,0.0007879997756308498,0.013795585414584172,0.8193882267969477,-0.4562310411287454,0.08692922982299733
1527300361.19,3.0889740250053705,3.0962489225052794,0.13475716288473819,0.11077837117498973,0.11830000400543217,-0.016799994707107555,-0.04440002441406264,0.0021600000187754634,0.00363999992609024,-0.00012000000337138775,0.03297811001450982,0.022260634324689058,8.51729476426209e-06,0.0068483352639358164,0.00017421730825729708,0.011480203554820358,0.001902654121599255,0.006447316704454601,0.8193770332350864,-0.45611846322101274,0.08685623629680125
1527300361.29,2.146101379053137,2.139127719944588,0.11783329557041354,0.11545165512136926,0.08950001239776614,-0.0027999985218048183,-0.0456000137329103,0.0022600000351667405,0.003839999958872795,-2.0000005606561932e-05,0.038526562735176295,0.024226409764703777,0.004524505989718686,0.009180607770054033,0.0010245695025127327,0.013365966918216099,-0.00762624608178351,0.009323155026409038,0.819323708963984,-0.4561619039590869,0.08685346300093731
1527300361.39,1.1997709980618012,1.1841892488048031,0.14198594638655862,0.11777948268364054,0.0803000116348267,0.04700000166893005,-0.05360000610351577,0.0021800000220537187,0.003799999952316284,-0.001140000002924353,0.03926516458507041,0.025964460226041795,0.0032036828633602884,0.010724731279704006,0.003092757114868618,0.011364559980974562,-0.0034560773157394985,0.009915027357636804,0.8192476495034468,-0.4557349444260618,0.08670384233887865
1527300361.49,0.2719684471533637,0.23544280904837758,0.12507484481827863,0.11840994455108508,0.02950001239776615,0.05119999766349792,-0.051599998474121236,0.0021200000494718554,0.003799999952316284,-0.0014799999981187286,0.03431341088997122,0.024868158226293107,0.0014594310016875617,0.009565214414692757,0.0008505246948941875,0.006952541516985919,0.0006468152400683707,0.012300587464997816,0.8193335147201495,-0.455235349688975,0.086675702265314
1527300361.59,0.27985105305467733,0.2392882496807569,0.11772480469762661,0.11389785719329877,0.01070001125335697,0.057000001668930045,-0.049000015258789206,0.001880000028759241,0.0037399999797344203,-0.0014199999882839622,0.04526889481185684,0.03223482379441455,0.0005963167602326158,0.013904434900383223,-0.0026337778594186104,0.0070941243064268035,0.004916535614955513,0.019781539567697293,0.819052968081248,-0.4550225343680703,0.08642551319073236
1527300361.69,0.29466810145115996,0.267128319804388,0.11000136732096139,0.1159825559297845,-0.015099987983703581,0.05139999747276306,-0.05520004272460952,0.0019400000013411044,0.003760000020265579,-0.001659999992698431,0.05477633020329977,0.032078464561328034,-0.0009945817694918715,0.009873212438906532,-0.004555565283300158,0.0009543594948482757,0.0063490012525936725,0.018559171030688198,0.8186925748187072,-0.4548377084192379,0.08620467302188367
1527300361.79,0.30034950854537484,0.28937749250334677,0.12004609020993359,0.11617028219339244,-0.016299996376037566,0.03959999918937683,-0.06700004577636734,0.00196000000461936,0.0037399999797344207,-0.0017200000025331974,0.06374872411639797,0.03939460935912937,-0.008650960054089751,0.009553224277506496,-0.010096105494384118,-0.0009733880350864449,0.024122070040883837,0.020775193408469582,0.8179498685756609,-0.45442864346111156,0.08556544075839652
1527300361.89,0.300729606299023,0.2944940761078467,0.10596675151209943,0.11019131498345816,0.004900002479553256,0.0007999980449676422,-0.06740001678466812,0.002040000017732382,0.003659999966621399,-0.0013000000081956386,0.06261962669355348,0.03868141852828232,-0.006822622591354995,0.005646569524523729,-0.00919011005941419,-0.0022814783982327883,0.016443098386565373,0.01323852455569729,0.8172983644332628,-0.4540920334704931,0.08501048024184962
1527300361.99,0.2885655709949091,0.2915373294190657,0.10507944561728216,0.10927987158530753,0.03269999980926517,-0.006200000047683726,-0.07159999847412124,0.0019800000078976157,0.0036999999731779096,-0.0010400000168010594,0.0752344206169943,0.04464688890263312,-0.007811439298180286,0.012824411937098545,-0.010536846421732053,0.003481577263140612,0.022874200670387132,0.018123123348124076,0.8165364160209116,-0.453836828253025,0.0844496583376663
1527300362.09,0.31313264895517184,0.298277739392551,0.11579793597421477,0.11343284652563942,0.018899998664855987,-0.03420000195503236,-0.08059997558593765,0.0021200000122189523,0.003839999958872795,-0.0007400000235065819,0.06347803225569872,0.046897709234852626,-0.004849393959104292,0.007710299112888686,-0.0077275071308244465,-0.0010705065276191469,0.015074134813764673,0.021770187372733434,0.8159962471447425,-0.453524485056408,0.08403432933067397
1527300362.19,0.3224428035896793,0.28395043236882883,0.11907618318807793,0.11827583596941012,0.019900002479553255,-0.01839999794960023,-0.08339996337890639,0.0023000000417232516,0.003939999938011169,-0.0008200000366196038,0.07229725325564247,0.05355830149256725,-0.006511628047024337,0.004252724130044511,-0.00784586863452069,-0.0005858220275402637,0.01733831819139979,0.014021420883989279,0.8155918514100587,-0.4534515362843516,0.08370198792121797
1527300362.29,0.3161845436273821,0.2650448370776842,0.10349033899897495,0.1127742959947762,0.02790000438690189,-0.017599998712539682,-0.06419998168945328,0.0021600000187754634,0.0037199999392032623,-0.0009000000497326254,0.06381046237182053,0.0473651738025132,-0.0017974590332411782,0.0051802807736951615,-0.004353739031509025,0.0061291210377899304,0.005463656755289401,0.00969800318869733,0.8155102745128131,-0.45319378954465506,0.08368440991346299
1527300362.39,0.3325297285048247,0.2597822411759339,0.09391136669583067,0.10608218378341365,0.006500010490417515,-0.0021999990940094086,-0.05880001068115249,0.001820000018924475,0.0036399999633431436,-0.0006000000401400029,0.06870592232277264,0.0486776344665164,-0.0035087253101232885,0.010332362689874907,-0.006963547952110649,0.012731690243827668,0.012418656992151283,0.010133099197259797,0.815329171039855,-0.45280381071780557,0.08353966249167936
1527300362.49,0.33252890223970283,0.2754133339757548,0.1006721566680228,0.10411086232638345,-0.00889998912811276,0.02240000128746032,-0.06680004119873062,0.0018600000254809857,0.003539999984204769,-0.0005600000382401049,0.06378321608865882,0.04565262705684431,-0.0020753692254870423,0.00824377862309517,-0.004497065475318771,0.01516301284723995,0.005207692799594172,0.007222803294663876,0.8154366792806345,-0.4519589203700727,0.08351615617202159
1527300362.59,0.32246396641311725,0.2801220020239721,0.10259088097029433,0.09885377199152147,-0.0026999902725219375,0.04020000338554382,-0.07520004272460952,0.0017400000430643557,0.003359999991953373,-0.000780000037048012,0.0570645829265622,0.033955610350734876,-0.004832750402090209,0.0060478281062825035,-0.005695207986627254,0.016925119674817583,0.010289214393097039,-0.005588093435921088,0.8155212075943045,-0.45117566871319986,0.08359232635983968
1527300362.69,0.30483872182841537,0.2633340334984887,0.10706514380078429,0.09070174243641868,0.018900008201599157,0.0412000024318695,-0.06820003509521498,0.0014600000344216822,0.0031799999997019768,-0.0006200000108219683,0.0507936148452042,0.031152711268557433,-0.0004204526784627798,0.018649949855013583,-0.004029115498187534,0.018086482103165446,0.007489554917938551,0.010838827811013738,0.8154646470646504,-0.45035342454159105,0.0835470354750548
1527300362.79,0.3031208612994022,0.27142073361663077,0.14284436147794266,0.09903289815648782,0.051100010871887244,0.036400002241134634,-0.08420001983642592,0.0015000000409781933,0.0034200000390410424,-0.0008999999822117389,0.04499159037314863,0.030950764897460837,-0.00029122081645683147,0.011910731125652885,-0.001903789146396941,0.00305642713849107,0.006789554713145376,0.010519699522580934,0.8155567677744839,-0.4502193827620468,0.08365122996473566
1527300362.89,0.29349484267437087,0.2834508091000641,0.16320220649763703,0.10593701303104935,0.07110001087188725,-0.000999997854232795,-0.10120002746582045,0.0017800000309944155,0.0035999999940395356,-0.0010199999809265138,0.046151744275552985,0.03132905899609967,0.0012639663257908605,0.012847766863950795,-0.0006002618879066549,-0.0008742767838797746,0.005409609447537997,0.019778289258242356,0.8155815951506276,-0.4504553155300516,0.08377213018565678
1527300362.99,0.2990781234833458,0.2793074507229225,0.15914372199689572,0.11233689355547105,0.08990001201629642,-0.010399998426437388,-0.09620002746582046,0.0017600000090897084,0.003519999980926514,-0.0017799999564886094,0.04196807171105703,0.029177384379495214,0.0006412675268576164,0.00633750447465704,-0.0022899533085508107,-0.009957794183461374,0.005703066131203729,0.014445335118731941,0.8154721390236932,-0.4510033010656318,0.08376643367380432
1527300363.09,0.3071946680312715,0.27368439041381576,0.158138461623206,0.11643858206602667,0.11510001659393315,0.010600000619888295,-0.06740001678466812,0.0016000000014901163,0.003359999991953373,-0.0023999999649822715,0.0523956583852695,0.0332880689172479,0.0015837690216528844,-0.0004282713332529884,-0.0005697384506797385,-0.015519072792163725,0.0009742290807426828,0.008570875655385914,0.8154567300817127,-0.4513807977629529,0.08388150075587932
1527300363.19,0.32118473867449854,0.29459963169870323,0.17505724345688703,0.1276152293414201,0.10490001201629644,0.002999998331069939,-0.09620002746582046,0.0021000000089406966,0.0032799999788403512,-0.002900000009685755,0.04147956830471307,0.02863818044114561,0.00031138254376479976,-0.004845668007140577,0.0008055971480368523,-0.015530960644581305,0.00029024918531711367,0.003757700560987982,0.8155147279044651,-0.4516045107320953,0.08404149906268506
1527300363.29,0.31618216639911384,0.29840384432768247,0.20815057696689326,0.1304525119816336,0.12390000820159916,0.03179999947547912,-0.12380001068115248,0.0021800000220537187,0.003359999917447568,-0.002940000016242266,0.05530445984912352,0.031148633681647005,-0.002137827966995207,-0.009956255407956265,0.0016104074315863124,-0.011812084451789146,0.0012866175986663104,-0.0062595885603893885,0.8153425113021688,-0.45178157485186654,0.08394553919811967
1527300363.39,0.3281991962772453,0.2898443365610387,0.20723362275555873,0.12841833201608646,0.13430000782012944,0.05660000205039978,-0.11579998016357436,0.0019800000265240672,0.0033199999853968623,-0.0030800000205636027,0.053314567184985805,0.032022600355078146,-0.0042739928929056755,-0.012057208360116839,-0.0003496240816462346,-0.015256663966887015,0.00528401857045243,-0.00829412853075015,0.8154611421382368,-0.4516682509992953,0.08410987280177215
1527300363.49,0.32507448378277465,0.2862294528084687,0.22037534980133197,0.12737839823885896,0.149500002861023,0.06540000319480896,-0.10839996337890638,0.0019800000265240672,0.003419999964535237,-0.002920000031590462,0.05412393121649506,0.030888972955762595,-0.0038107494260773422,-0.006797109062392738,-0.0008723626694860697,-0.00832454261312109,0.006702109894175755,-0.007377657205103815,0.8154753687852068,-0.45170210440852593,0.0843203444975221
1527300363.59,0.30692333818244577,0.2776484876964581,0.21281723364924318,0.1254864278831705,0.1516999959945679,0.05020000338554381,-0.11139999389648451,0.0020600000210106374,0.003639999926090241,-0.002520000040531159,0.05409380548539356,0.03063950437402411,-0.006844867202614703,-0.0061727103021778215,-0.003092844129793682,-0.005909343640516803,0.01108581057481509,-0.008864478490226528,0.815379633729444,-0.4516650256234946,0.084234167019652
1527300363.69,0.29953967350865557,0.26203908706354256,0.21175680947511305,0.11968902240412685,0.14129999637603763,0.041000002622604365,-0.1111999893188478,0.0018400000222027304,0.003819999918341637,-0.0019800000078976157,0.056831804552182806,0.03477789769898106,-0.004170891045447421,-0.008741191610144087,-0.0028059471948315667,-0.005977478945286394,0.0033893555425569617,-0.015234643634064645,0.81541814921809,-0.45172769270817625,0.08435717514915668
1527300363.79,0.3072068938400272,0.24937642803687926,0.20702883201175848,0.1170328821935846,0.12590000629425052,0.05539999842643737,-0.11139999389648451,0.0017400000058114531,0.0037599999457597734,-0.0019400000013411048,0.044621903469153214,0.030043533205830055,-0.0024048112689592717,-0.00418098095668815,-0.0031831428966269076,-0.0031251642017366167,0.0024423622205620023,-0.011219632993058953,0.8156908943040525,-0.4517486510761444,0.0847769289774452
1527300363.89,0.29159396407731863,0.27519206672640684,0.22985743611675927,0.13989682176206505,0.08030000209808354,0.08639999747276306,-0.1463999938964845,0.0022599999792873864,0.003859999924898148,-0.00298000006005168,0.048033804546506756,0.030958216623861348,-0.004651187465948529,-0.009741477929545973,-0.0009615851345569477,-0.004835554646567344,0.00394830429772634,-0.01363785097266823,0.8155870398126349,-0.45168739412839976,0.08473563510308663
1527300363.99,0.2935939922255204,0.2906930241294427,0.2407061076891493,0.12974317691822893,0.07870000362396244,0.10599999308586121,-0.13920001983642594,0.0020599999837577344,0.0036799999698996547,-0.002560000065714121,0.05684537672026633,0.03767515506265087,-0.0010574207796852626,-0.008275630023088001,0.0025568434921427567,-0.0070504221986582615,-0.0043937368421287865,-0.006751744829563422,0.8155543938957465,-0.45147652828315654,0.08467751191872128
1527300364.09,0.3095415911032406,0.2941099772708655,0.2745269744203197,0.12660191672813473,0.0987000131607056,0.13339999079704284,-0.15020000457763685,0.002039999980479479,0.003559999987483025,-0.0025200000405311584,0.04424941278828999,0.03296296693879178,0.0019089568255846417,-0.0035000323840330876,0.002983244451757914,-0.005377050898858115,-0.0059977516379436085,-0.0025834108251673983,0.8156792784045178,-0.45160556978400634,0.08489423686501837
1527300364.19,0.31619886768585703,0.2960724216588865,0.26013499511037114,0.12246603997066939,0.10590001583099369,0.1631999909877777,-0.12299999237060562,0.0014799999631941317,0.003480000048875809,-0.0027800000272691252,0.04493554727653528,0.03134710867353558,-0.0012231330556882797,-0.0047892725558277656,0.00250761278050098,-0.0056488767597994176,0.0009075585620267242,-0.004231652325150435,0.8157294134395802,-0.4514074249665541,0.08489639356988082
1527300364.29,0.31573371377260273,0.3093356877719637,0.2391776321434534,0.11828261355276862,0.1047000074386597,0.1587999951839447,-0.07100002288818374,0.0010599999665282668,0.0029800000414252283,-0.0030800000391900543,0.04778448234692291,0.031003128264050293,-0.0020162399371096338,-0.005663997261701538,0.0012994384589141473,-0.004380226972050699,0.002316602173291971,-0.0036709867346482383,0.8156194321078284,-0.4510847628549241,0.08479265339375375
1527300364.39,0.31869981264138175,0.29748673924557,0.22433365200740082,0.0934808961524809,0.15730000019073492,0.1353999936580658,-0.012200050354004047,0.00048000000184401876,0.00272000003606081,-0.00219999996945262,0.04127519722542125,0.0270462867250058,0.0015499196914039732,-0.004815942940393849,0.001538356448890737,-0.0007050878505554521,-0.0053993523989296,-0.010422664772351535,0.8157317868052852,-0.4512116109943588,0.08495752589030842
1527300364.49,0.32911446523629423,0.28432302652609,0.23316190267667752,0.10600028482349812,0.16549999713897712,0.13679999709129334,-0.029200019836425926,0.0006400000094436109,0.002899999991059303,-0.002779999952763319,0.03375882390799873,0.02209961313046383,-0.003683200556434573,-0.008806416931764637,-0.004317717115776995,0.0011548203662565158,0.005189993913073044,-0.01956832843688612,0.8158645506796793,-0.4513743445415912,0.08506296002543627
1527300364.59,0.3158263779663132,0.28084258401744105,0.2139671363987699,0.1026600108863243,0.15769999027252202,0.11559999823570252,-0.02380001068115249,0.0006000000028871,0.0028400000184774397,-0.002539999959990382,0.039903875862638966,0.02144447144364859,-0.0022816114577533402,-0.006326913700423675,-0.004677997217410869,0.0007310915184819281,0.00412735132584309,-0.0181526749522872,0.8158590376493097,-0.45134221976979944,0.08509119338799154
1527300364.69,0.3011011755128221,0.30756948414820784,0.24824425622990076,0.10187102383322205,0.20629999637603763,0.10539999842643738,-0.033400039672851704,0.001160000020172447,0.0023799999803304672,-0.0025999999698251485,0.04092462538321078,0.022613034436417642,-0.0018986704417933227,-0.0006147594319152949,-0.005297751817662016,-0.0001637624443956989,0.006985178172946459,-0.007317307828474033,0.8157850338458196,-0.4515500476651593,0.0851737725071936
1527300364.79,0.29187166306325896,0.3088088025182447,0.23229372955820698,0.09477171386405903,0.19269999980926517,0.07979999899864197,-0.06020000457763686,0.0017600000090897086,0.0023400000110268596,-0.0017599999718368054,0.03488924683645702,0.021854444381548765,0.0002838133141161528,0.005005410031650403,-0.004434328093469225,-0.0007230891412307965,0.005026099803806923,0.0014825747440387652,0.8158790812744319,-0.45184472318155744,0.08533614934861707
1527300364.89,0.31367747710060034,0.3057933550066146,0.24963788258781205,0.09998983749405349,0.18690000057220466,0.1187999951839447,-0.0674000167846681,0.0018800000101327897,0.0024799999967217447,-0.0018799999915063382,0.03979982537644183,0.02463137713293824,-0.002322764241325383,0.007698582535918671,-0.007836001160768161,-0.0009532279215206871,0.012454579996395106,0.008602020626114804,0.8159740940082448,-0.4515770225288767,0.08549136362728012
1527300364.99,0.3037322731133881,0.3003790148971696,0.2339113720052611,0.09289687199346235,0.1676999998092652,0.11519999861717224,-0.060600013732910296,0.001900000013411045,0.002360000014305115,-0.001560000013560057,0.03699117487102157,0.025551127034776123,-0.0015818890686230438,0.00958458349816873,-0.00548795911151771,-0.004404367360855082,0.01191412638181243,0.016835156061452184,0.8159457634159384,-0.4515409211938912,0.08565209774128353
1527300365.09,0.32586867135738845,0.3040974607415668,0.23982321186181826,0.09359611507141971,0.16669999599456792,0.12959999918937684,-0.04940002441406264,0.0018400000222027302,0.0023800000175833703,-0.0016800000052899125,0.037552876052934864,0.028500194280179046,-0.0046569715836386845,0.004424896862318018,-0.005684623895106961,-0.0037349380143775757,0.013974322633694787,0.013254366600278749,0.8159393082416304,-0.4515805461953166,0.08567461125872464
1527300365.19,0.3581109276826313,0.2869033162179544,0.19735612328986474,0.08994272567968963,0.11709998607635502,0.1328000009059906,-0.03540000915527358,0.0018200000189244748,0.0024200000241398813,-0.0013400000054389239,0.03691679204265285,0.02683453060657473,-0.005235369697856785,0.002443903426049009,-0.007668603912145445,-0.0028212250846630245,0.015323759854887356,0.008090774549760956,0.8160176617016076,-0.4514864980492587,0.08567186170524113
1527300365.29,0.37966148800244526,0.28830387822866615,0.2101460035720618,0.0989944101975935,0.10989998340606694,0.14740000128746034,-0.052400016784668116,0.0019400000385940076,0.002820000015199185,-0.0015000000037252903,0.0347354723664841,0.02813040146663635,-0.006226545958098512,-0.00020424347617993037,-0.00760736481137218,0.0026860977927715,0.014405040308726802,0.0037847582328057725,0.8159349923890491,-0.4512807085967657,0.08543160581646095
1527300365.39,0.36283466020988026,0.281524019034791,0.1929935681404996,0.09675419498181674,0.10289999485015873,0.12420000433921814,-0.07819999694824234,0.0023600000701844695,0.002560000009834767,-0.0010199999948963523,0.025244981242739634,0.025288845257741444,-0.0032887590242828414,-0.0010575617846518214,-0.004450262324335297,0.005160902400559893,0.006876773085522247,-0.002920205326954645,0.8159787897827715,-0.4511756964580986,0.0854004441743056
1527300365.49,0.35636167578889466,0.2973536474901918,0.189865599934557,0.10430676437393376,0.10669999599456792,0.11860000014305115,-0.07580001831054702,0.0023600000701844695,0.0027000000327825546,-0.0013399999728426338,0.03396475621586208,0.027853086143538815,-0.0023940012765432013,0.0025625889249784903,-0.004388709381560073,0.004938202062212465,0.007245161872181005,-0.00031630138202684246,0.816004311799777,-0.45098597206458513,0.08540174256294167
1527300365.59,0.3555346611080213,0.3002193775116268,0.18155930455124825,0.10750557437522525,0.10669999599456792,0.09780000090599059,-0.08900001525878921,0.002520000077784062,0.002760000005364418,-0.0014199999859556554,0.02928260454924702,0.02514471706531063,-0.0006702026418394575,0.006572202476386549,-0.0027459053230645338,0.006054387473391258,0.0058980189605736715,0.004831834677780744,0.8160570019350574,-0.45074088473934,0.08545461183462819
1527300365.69,0.33345218615277095,0.29430962678756134,0.18904380885182978,0.11706938394137652,0.12129999637603765,0.09939999938011168,-0.07479999542236343,0.00232000008225441,0.0034200000017881394,-0.0014599999925121664,0.030485986718647728,0.026698219964067398,0.00014813579028867015,0.0020437664676087324,8.15580686141062e-05,0.004847210569167371,0.0012009055671279572,-0.0016607552210818827,0.8161160170276323,-0.4505918107172677,0.085542552086445
1527300365.79,0.34372352981576876,0.2941221198669904,0.1507139972512919,0.10941709380373536,0.1073000001907349,0.07840000033378598,-0.04319999694824233,0.0017800000682473185,0.0034200000017881394,-0.001259999992325902,0.03721957093462818,0.02921450220015638,0.0008514769447475689,0.006033138725443877,0.002016301001026336,-0.0022328186995474284,0.0022472140272217682,0.006276832257961347,0.8161724063298044,-0.45058715219020323,0.08571425624390737
1527300365.89,0.33183026611463085,0.28838776210874023,0.14198416204195172,0.11795736694431522,0.08709999561309818,0.08300000071525573,-0.03680000305175796,0.001380000039935112,0.003700000047683716,-0.00208000001963228,0.040989862295022945,0.026887052025327138,0.0009502597025157334,0.008601081991391254,0.0015490704177209312,-0.004784990001227946,0.004307945887034847,0.01204248289665003,0.8161423340318368,-0.45066560738926736,0.08571715521732069
1527300365.99,0.35692481437304835,0.27776378071715574,0.16183586013257112,0.12103428959771835,0.04129999637603763,0.06980000376701354,-0.0761999893188478,0.0016600000485777857,0.003820000067353249,-0.0019800000404939055,0.032313484890871595,0.023405750772123653,-0.000513528844384185,0.0012736974175911774,0.0010474137505673683,-0.0026980128546414163,0.0025449626933403075,-0.0005622852503347924,0.8161098487770374,-0.4507481544645905,0.08564926475948612
1527300366.09,0.35001011600132326,0.27697788693718167,0.17179647386752248,0.13646120761306396,0.0008999967575073564,0.05760000109672545,-0.10799999237060562,0.002400000020861626,0.004000000059604645,-0.00208000001963228,0.035392158373036914,0.02452689600633745,-0.001420239437382835,-0.00043775449150253214,0.0030087311446385986,-0.005836225742204552,0.0029159262203659517,-0.00022576237018314847,0.816102805648506,-0.4506447235818124,0.08559933431699315
1527300366.19,0.3301201352677806,0.28075223902713586,0.19158716448435983,0.14836584036283137,-0.043300004005432095,0.05140000224113463,-0.15159999847412126,0.0025600000098347665,0.00380000002682209,-0.0031000000191852453,0.04118712882508094,0.026240833486437198,-0.0002836905504793842,-0.0022912180694299395,0.004891397678365932,-0.010746500468933839,-0.001236335499680185,0.003907194874392457,0.8161138629089281,-0.45050250934935193,0.08558404200271609
1527300366.29,0.31349272491729957,0.29924964529570786,0.24507563784099842,0.15925506214725413,-0.03890000820159909,0.10319999575614928,-0.18060001373291032,0.0029000000283122065,0.003840000033378601,-0.00380000002682209,0.03933785573527702,0.022881364917146627,0.001119568647124995,-0.004641516245484134,0.005092955302339772,-0.011072368009256527,-0.005037394812907359,-0.002789109638829846,0.8160990598718778,-0.45039663260304424,0.08554805384642915
1527300366.39,0.331435698250048,0.3305718444682043,0.24652946369736653,0.16704267800957273,-0.056500010490417446,0.10419999957084657,-0.18159999847412125,0.0032000000029802325,0.003999999985098839,-0.0039599999785423275,0.03723220962327598,0.023602327856720114,0.0005191845977281323,-0.005618374774580925,0.005121095254573334,-0.0074876067049959765,-0.00561638316510564,-0.004800452872692991,0.81616365900342,-0.4502174852793048,0.08548180738418597
1527300366.49,0.31079299963713214,0.33821816570124846,0.22677032339721695,0.1682127014264001,-0.026900010108947717,0.1181999957561493,-0.15599998474121107,0.003039999976754189,0.003979999944567681,-0.004160000011324883,0.037176459490261764,0.021578854923593817,0.0013365171547483506,-0.004654169345983964,0.004237833759894333,-0.00848054655161949,-0.005461217217864951,-0.0027598153756511826,0.8163254544428454,-0.4499947137120727,0.08564650031216157
1527300366.59,0.3050034894191866,0.3437981792189542,0.22195678516819506,0.17726646312865482,-0.0257000112533569,0.15979999899864197,-0.12180000305175798,0.002459999993443489,0.004019999951124191,-0.005220000073313713,0.038645651590530544,0.022491926063774183,0.002905516140980092,-0.001174303169251057,0.0022989807660020968,-0.004594685485654716,-0.006073078513897815,-0.0011635599961580588,0.8162858483749125,-0.45007349707966227,0.08567023334046131
1527300366.69,0.3441322488857672,0.3534657909571657,0.21049266665693173,0.174915714743108,-0.007500004768371546,0.1732000005245209,-0.10760002136230484,0.002600000016391277,0.0043599999696016314,-0.004640000052750111,0.0413019547253,0.02285171291736653,0.0014446180462117423,0.010828246908260496,0.0006556450898073313,0.006373352048657103,0.0010880418511051598,0.008118031707289747,0.8163670057303772,-0.4500135945595315,0.08573559024917247
1527300366.79,0.36008013227732055,0.3511148153841102,0.1825951920036052,0.16761273613367578,0.004899992942810095,0.1452000033855438,-0.08640003204345717,0.0023599999956786634,0.004399999976158142,-0.0041600000485777855,0.03749135351538704,0.022824985412899474,-0.0012994437600302162,0.009933190579182459,-0.002579511854840821,0.005674042840640229,0.0083274404761175,0.008732198766151009,0.816424081223414,-0.45001835280973124,0.08575537778310706
1527300366.89,0.3574601140406278,0.32876348159788116,0.19187178374028915,0.1524290111514818,0.03109999179840092,0.12580000281333922,-0.11220005035400406,0.002260000016540289,0.0042199999839067455,-0.003320000059902668,0.04001823697907869,0.023552277923500283,-0.0007802562261691943,0.00863607088383348,0.0002612519575146664,-0.0006110753609673002,0.0072577317671914145,0.010674685335309943,0.8164756212236786,-0.4500093563032119,0.0859226928645233
1527300366.99,0.3963704985310037,0.33156984637199355,0.18476788386144644,0.14379290119976956,0.0020999956130981824,0.09780000567436219,-0.10300006866455093,0.0023200000263750554,0.004120000004768372,-0.0027600000239908695,0.04925840564799177,0.02787208903345917,-0.0003340528284595491,0.014508377773055648,-0.00048303182995555234,0.0009090182344870288,0.009235457841177769,0.0196733891373137,0.8164151408044147,-0.45002180001554537,0.08577105111300705
1527300367.09,0.3948239412932819,0.3414820580014148,0.15873548963685252,0.12325231416700347,0.0037000036239624398,0.05620000243186949,-0.10560005187988296,0.002260000016540289,0.004079999998211861,-0.0013599999784491956,0.04395097100128195,0.02859969228312014,-0.001872831865427608,0.012449355069803837,-0.0009451191926618455,0.0031563781462104726,0.009798470049531655,0.015097817317445528,0.8165003267207334,-0.45003646921897866,0.08583499185419123
1527300367.19,0.3825768525983992,0.3520467905941602,0.1362980577921784,0.11257099609458066,0.014699997901916544,0.030600003004074085,-0.09180004119873061,0.0020199999772012233,0.003880000039935112,-0.0007799999928101898,0.03187141146300591,0.02465793043452329,0.0003724253638884931,0.004826176175203482,-0.0005704233204905757,-0.003579647597533359,0.002728346807719448,0.007190071634185407,0.816426402411952,-0.45005002393939164,0.08581165773434353
1527300367.29,0.36114885751908393,0.33113038049403537,0.13250355627443594,0.11566960973181199,0.01750000476837162,0.02540000319480895,-0.08360000610351577,0.002060000002384186,0.0039000000059604646,-0.0010199999948963525,0.03775242258645701,0.02541685236741398,0.0008891426629521092,0.008325253522077976,-0.0012665143412399144,0.001883441279730914,0.0022660692443231298,0.009188851004590557,0.8164570740143445,-0.4499420522538517,0.08582148669617395
1527300367.39,0.36229999678092434,0.33211138664406287,0.11863170925717198,0.12231336592748347,0.00410001277923588,0.04260000109672546,-0.05360000610351577,0.0019999999925494195,0.003959999978542328,-0.001559999971650541,0.04271063226063868,0.028337289803950432,-0.001381398628398586,0.005082239345442466,-0.0044861072469144225,0.007150524517388178,0.004612752870022146,0.001719549680207559,0.8163855358959698,-0.45003688466053976,0.08573753267808173
1527300367.49,0.31181250575422814,0.3407469314654659,0.12036694228338425,0.12258844017241033,0.0337000131607056,0.061600002050399776,-0.06439998626708998,0.0018999999761581423,0.003919999971985817,-0.0017599999858066442,0.03178028951217183,0.024115911037447195,-0.0024180848510892156,0.0006494714319168963,-0.002747049615228703,0.0071334459008158,0.003355754222329964,-0.0063553090951780035,0.8163392744219771,-0.45010414843777535,0.0857618514665099
1527300367.59,0.3005098426001492,0.33304910902151874,0.1674113499887783,0.1388013422318978,0.04590000629425052,0.12140000224113465,-0.07479999542236343,0.0019599999859929084,0.003940000012516975,-0.0029599999985657635,0.040587425198690116,0.02422856547304385,-0.0016170715773634245,-0.0047739407742052676,-0.0017315335980844157,-0.00019056549530645784,0.0009346823353165181,-0.006527901016392761,0.8163060574090123,-0.4501508163232469,0.08579644091692917
1527300367.69,0.2815233182028326,0.30945355147486975,0.2370092382788077,0.15267747609702378,0.07150001049041753,0.19760000109672549,-0.07840000152587906,0.001900000013411045,0.003919999971985817,-0.004139999970793724,0.04900500843785525,0.028500994445775054,0.0010763143804297475,-0.0027886335084234054,0.0004289673647925814,-0.001351142968194694,-0.0032419637228284733,-0.003992614525745446,0.8162694011818307,-0.4501836742024532,0.08571717849664327
1527300367.79,0.28948899757514696,0.2989553308141203,0.2923754038404612,0.1590556851416869,0.05390000820159916,0.26619999766349794,-0.07960002899169936,0.0018400000035762787,0.0037600000202655795,-0.0046999999508261685,0.046900946002201814,0.026956050070430556,0.002204957009793707,-0.0032686368052010405,0.0021236940701380765,-0.004769581902896883,-0.006280915108212791,-0.003964193012770903,0.8161965450553635,-0.45025333149915475,0.08565297963674456
1527300367.89,0.27923147015946137,0.2867090923408687,0.30810749129072695,0.1551042988856382,0.07070000171661381,0.2776000010967255,-0.08159999847412124,0.0018200000002980233,0.003840000033378601,-0.004279999975115061,0.042732224995742966,0.025456639343532518,0.005841570878736318,-0.0018857958767026603,0.0029794542960799525,-0.008080035734559518,-0.012761120503810227,-0.0005335132938851154,0.8161013085041601,-0.45059231378062764,0.08565363484044412
1527300367.99,0.28110599747018084,0.26292633963665035,0.34017215699593667,0.1608342842879978,0.09349999904632572,0.31199999690055846,-0.07260002136230483,0.0019000000134110453,0.003920000046491623,-0.004519999977201224,0.05181817821511709,0.02808204354354324,0.004975728733778295,-0.007569966567272658,0.004980105560769735,-0.008774476681196533,-0.014715534642378951,-0.004349613013788942,0.8162659401987638,-0.4504478201772864,0.08572270200677767
1527300368.09,0.28910420694028466,0.2596978510320104,0.32637803082493655,0.15290439680130888,0.11150000095367435,0.29519999384880063,-0.059200019836425935,0.0020200000330805783,0.003940000012516975,-0.003980000000447035,0.043722224315610396,0.026737674554976772,0.0038806164625321336,-0.003542065996968638,0.002822721768094184,-0.004131836561176441,-0.01121829349932772,-0.00022762496623930724,0.8162802572861421,-0.45022987083955157,0.0856867611049696
1527300368.19,0.3030318744216115,0.2699403270476404,0.2879070636930467,0.14156475127297086,0.08990000247955326,0.2575999915599823,-0.06540000915527358,0.0020200000330805783,0.0038599999994039535,-0.003420000057667494,0.037138424651302605,0.02254941369770506,0.0021386870790124296,-0.0036979014681051024,0.0004154172816558049,-0.003011560594376493,-0.007024375772647342,-0.003132139318349371,0.8162441920880686,-0.45018759128626634,0.08568305941100915
1527300368.29,0.29892271260600806,0.29696891037794654,0.24656122204158484,0.1353502770444308,0.08330000400543218,0.208400000333786,-0.08380001068115249,0.0021800000220537187,0.003939999938011169,-0.002920000087469816,0.035802447139463345,0.024664507087812277,-2.700950312493997e-07,-0.004627467997479859,0.0002525776031271911,-0.00013876728114061473,-0.00287119911670935,-0.0029479792844961995,0.8163507268915677,-0.45011643396038803,0.085827041405268
1527300368.39,0.3191286468550601,0.307494639433496,0.2537530528060453,0.1374801069491818,0.05510000705718999,0.2199999988079071,-0.08380001068115249,0.0021800000220537187,0.003799999952316284,-0.003300000131130218,0.03752229996852473,0.02579924587291852,-0.0014534902614129674,0.0006563139043805414,0.001254252203973432,0.0017661976677295565,0.0026095667734622086,0.005810938962643593,0.8164067243606093,-0.449777874306843,0.08575701398768437
1527300368.49,0.3039756179421359,0.3106379623097908,0.2414912874661914,0.1379582138267894,0.050300011634826704,0.18399999976158143,-0.1106000137329103,0.0025,0.0038399999588727947,-0.0029400001093745232,0.03019116659604955,0.02839779778823374,-0.0005602790507844593,0.003559264989750606,0.0012959436329719823,0.0066060144267339384,0.0017688070756627136,0.005529374224931893,0.8162767254704918,-0.4500192331255389,0.08573367632197126
1527300368.59,0.3083235366894525,0.30717568143789975,0.2358822182832872,0.13721382034013088,0.03470001697540287,0.13420000433921814,-0.140800018310547,0.0026999999582767486,0.0038199999928474424,-0.002660000063478947,0.029936717803468103,0.030010788085471574,0.00042353555378123734,0.0027610373423461,0.002594466059360107,0.0019515426831685015,0.0009223133481757933,-6.985166543112308e-05,0.8162072998196034,-0.4502772529772101,0.08565713347982475
1527300368.69,0.3029346691470866,0.30521734003847784,0.2064412548626981,0.1339493765762624,0.03570001125335697,0.10480000853538513,-0.12520004272460952,0.0026599999330937864,0.0038599999994039535,-0.002360000051558018,0.03173065346526365,0.03135088754980145,-0.002453549178353153,0.0048233630486501835,0.00024136136789465584,0.004958696631617874,0.007026630502705275,0.006835134147328265,0.8162965110153758,-0.4503876539204889,0.08575256393817585
1527300368.79,0.29550745469767825,0.30301449350745774,0.2121236096378053,0.13686349048794474,0.06290001392364505,0.11040000319480894,-0.09460006713867201,0.002439999934285879,0.003819999992847443,-0.0026800000295042993,0.02995576255148515,0.027853872713723422,-0.0005792537451530432,0.004368316310081231,-0.00027162295799066375,0.005238555829969161,0.002887633807777947,0.0028242643399649346,0.8162946908920437,-0.4504073849852658,0.08563047767668884
1527300368.89,0.269723770105952,0.30567086426633944,0.1946654511221815,0.1388975822493804,0.08390001773834233,0.08920000433921814,-0.09680007934570327,0.0023999999277293685,0.003840000033378601,-0.002799999974668026,0.0374655871584567,0.02871717600194652,0.0012614000289859967,0.00720784092659886,-0.0015287298088631283,0.006417323120931381,0.0008425867204204878,0.003606956103541987,0.8161704012088657,-0.4506888773531774,0.08567797000490211
1527300368.99,0.2827960150874882,0.31353106813338893,0.19362663426542734,0.13944715343701075,0.08710001468658451,0.10400000452995299,-0.08160007476806655,0.001999999936670065,0.0037799999862909313,-0.0032800000160932543,0.037497684783710565,0.023058990609664227,0.003215801710014703,0.010997046758633895,-0.0015511291142386292,0.0023094484385601617,-0.0002299085787470262,0.0092144099938827,0.8162618209602818,-0.45051866941551205,0.08580266009591044
1527300369.09,0.25979874039872214,0.3215789876772267,0.19173635513362997,0.13510888211914893,0.05390000820159916,0.08760000348091124,-0.05900005340576186,0.0015599999763071537,0.0036599999666213985,-0.003540000021457672,0.04925505841379695,0.023917155317424388,0.0004391166861598544,0.006943613384243777,-0.0027756842049223547,0.003969735160180729,0.002170456081315075,0.007977901697625814,0.8164282563912847,-0.4502951036240779,0.08604161863088455
1527300369.19,0.27038507766224745,0.3101561769030334,0.21116756475208742,0.14488406403470125,0.01230000972747807,0.07460000157356261,-0.06900005340576186,0.0016199999675154686,0.003599999994039535,-0.004219999983906746,0.04654044669224481,0.025169789266387396,-0.0009345272738805471,0.0031935525324707907,-0.002504360035208922,0.005628659650464824,0.003401464403324157,-0.004111825071590329,0.8164672488667745,-0.4502978198825778,0.08611104136192463
1527300369.29,0.2742908913497956,0.3047698875129065,0.21532595711978927,0.14241264238656082,-0.06429999351501463,0.02340000271797178,-0.09620002746582046,0.0018599999696016312,0.0036800000071525573,-0.0038599999994039535,0.05292131883134334,0.02881323351133576,0.00044146050483098996,0.000542119434589095,0.0018307009047476006,0.004717950158075523,-0.002248390375649133,-0.004008488474792095,0.8164869282987758,-0.4503345670220525,0.08638898838767708
1527300369.39,0.2902127367309516,0.3159680804601731,0.20618710464179918,0.14001628290645243,-0.09929999351501462,-0.017600001096725472,-0.09820003509521498,0.0018799999728798865,0.0037399999797344207,-0.0036400000005960467,0.05105337445268708,0.026315168167849394,-0.003571629981394857,-0.010501169502791997,0.0027511240769426994,0.0031507331152338613,-0.00013114909973994542,-0.015446160732309722,0.8166549331433258,-0.45032089641912476,0.08649348215735471
1527300369.49,0.29877770367912,0.31597817030040815,0.18322516536937175,0.13267216965750112,-0.1282999992370605,-0.02660000205039979,-0.0834000396728517,0.0016999999806284905,0.003620000034570694,-0.003399999961256981,0.06144434932730995,0.029566820532460673,-0.006998160049705376,-0.01835300707359701,0.002366216822685383,0.0004026993124438187,0.0033178011844135964,-0.02073585823265622,0.8165936808296291,-0.45053531712815925,0.08647386970171084
1527300369.59,0.3247856485608419,0.3162203834319156,0.1692320335526297,0.13456885101588864,-0.11749999999999997,0.01919999957084655,-0.07700004577636733,0.0016199999675154688,0.003620000034570694,-0.003539999946951866,0.06419715175947148,0.03502960174594655,-0.008072462173483909,-0.01624499504096981,-0.0018302729826239828,-0.0036200939458955503,0.009701709767282962,-0.014665245872410995,0.8165080426768232,-0.45078122503327545,0.08640997968174165
1527300369.69,0.34316471253455677,0.30682589336204136,0.17539308389315755,0.13346682280134026,-0.10529999732971188,0.032400001287460324,-0.09640003204345718,0.0018799999728798867,0.003780000060796738,-0.0031599999964237215,0.06562080610345711,0.03142933937174098,-0.005821744317783076,-0.012649675328083957,-0.00010608975039238593,-0.004464849091677612,0.005853062091960715,-0.00455797306286142,0.8165317838353567,-0.450898201015211,0.08653286831417782
1527300369.79,0.3524152263134402,0.2906668614106565,0.14685462156077683,0.14943566920997897,-0.05809999942779538,0.06540000319480896,-0.08440002441406265,0.0016199999675154688,0.0036200001090765,-0.004200000017881393,0.06378934345899549,0.028581473863784713,-0.0087717195146527,-0.014361595780042006,-0.005286485591673569,-0.008092139722217924,0.01415149561977469,-0.0041894844878543145,0.8165164404225392,-0.4507931689092907,0.08642773441237686
1527300369.89,0.33807618037398346,0.28248424829656804,0.13472705485576872,0.1513090605162221,-0.05150000095367429,0.06860000491142272,-0.07280002593994155,0.0015399999730288984,0.0036000000685453416,-0.00438000001013279,0.06247132586020665,0.03099199662174563,-0.00883200998141261,-0.013732353842583967,-0.005166174888610305,-0.008315793566798988,0.015190289405547133,-0.00638214306034838,0.8165095892060233,-0.4504855781275288,0.08633836504904153
1527300369.99,0.3452021984863474,0.2734442010584654,0.1260792475893021,0.15881899133125135,-0.037899994850158665,0.05320000529289245,-0.07280002593994156,0.0016399999894201756,0.0035800000280141833,-0.0047600000351667405,0.051491512389061835,0.027705830543019797,-0.00592215422560106,-0.00570420265275133,-0.005694411743841933,-0.007146365801360213,0.013416808369566992,0.0016735918397548408,0.8166289379518565,-0.4501233788291002,0.08636832528212775
1527300370.09,0.3480237850607948,0.2804816697280535,0.15944542264794284,0.1717337853973206,-0.037699990272521945,0.03720000624656677,-0.11980003356933609,0.002220000009983778,0.003660000041127205,-0.00510000005364418,0.03876295695746942,0.020818505955496225,-0.002964142332877701,-0.0010415859272877785,-0.0016828372458307728,0.002065131512271574,0.006249481233843959,-0.0005519242532357455,0.8166384159255822,-0.45005618282370785,0.08636205465263565
1527300370.19,0.32553429691120456,0.2955928590277953,0.14696215999056914,0.17075130208282968,-0.03809998989105221,0.03480000376701354,-0.10480003356933608,0.002040000017732382,0.0035800000280141833,-0.005260000005364419,0.04657245057309015,0.023641162364162433,-0.003879800643299062,-0.009940592252212463,-0.0022548359136863256,-0.003148778527091287,0.004891575117194299,-0.009181361941375647,0.8166158593716379,-0.4498869813100137,0.08629671058370228
1527300370.29,0.3286798453439749,0.3047025018062904,0.1488196552015337,0.156731068820586,-0.05869998455047604,0.01100000262260436,-0.11100002288818374,0.0022800000198185447,0.00380000002682209,-0.004299999959766865,0.04728945799919371,0.02859267959099304,-0.005095819410654177,-0.006744084755295788,-0.0036494707134537155,0.004546126586237318,0.007118025050384668,-0.013348754471331556,0.8165506036427045,-0.45012775551378864,0.08633696752188644
1527300370.39,0.34042017164463273,0.29534219529396694,0.16415453303643573,0.15671269865314394,-0.0346999883651733,-0.008599997758865363,-0.12380001068115248,0.0023800000175833707,0.003960000053048134,-0.00403999999165535,0.043299858367552436,0.02488767416496933,-0.0025380743074872292,0.0009173958371608914,-0.00533165151069285,0.007514369861411957,0.0050520076791444974,-0.0047352359597296915,0.8165955464107921,-0.4502756840007408,0.08646144759654448
1527300370.49,0.3355748074399126,0.3071362083993449,0.1735103070706879,0.1551510328245523,-0.06269999027252193,0.0026000058650970355,-0.11639999389648452,0.0024599999934434894,0.004120000079274178,-0.003799999952316284,0.05532974172996243,0.02909976159779484,-0.003624664282619464,-0.007724201511165433,-0.0036092126955053557,0.006690716837961661,0.0018310702630537354,-0.012960992220988071,0.8163421332658402,-0.45066675244485244,0.0863389792214114
