,robotiq_force_sensor.wrench.force.norm,robotiq_force_sensor.wrench.torque.norm,baxter_enpoint_pose.twist.linear.norm,baxter_enpoint_pose.twist.angular.norm,tactile_static_data.left.std,tactile_static_data.right.std
1526715968.26,4.621186468198513,0.19274088038596573,0.009949111842769262,0.022796600084324103,23.21074356172345,15.124496200013409
1526715968.31,4.642608954026919,0.18987591101646192,0.008610394203602552,0.021900802999431975,22.406934025230424,14.070314290550888
1526715968.36,4.68849032970045,0.184457429138009,0.010351079302630092,0.027232471828448672,20.037808191871534,13.11938240687715
1526715968.41,4.779475173715435,0.1779313482025255,0.009325858925057898,0.027251097651067428,19.479853455401354,12.576715696279237
1526715968.46,4.617780006515215,0.1756794935442786,0.008491821800301882,0.02448111770774705,20.601461749027894,12.261740529082587
1526715968.51,4.538739822003815,0.1775054898174285,0.008622921671933412,0.022165675931675077,21.15159467927347,12.406143718273595
1526715968.56,4.518905705440636,0.17988889876943978,0.009465500226624613,0.02225855585721337,22.684575820198237,13.683259118975206
1526715968.61,4.57426785748289,0.1841350394709512,0.007939686100015721,0.01881465452716926,23.704922311018777,14.204454848512441
1526715968.66,4.439891537641014,0.1867448112753276,0.008139969782721884,0.018596707067741983,24.089380982132692,14.715077340825832
1526715968.71,4.452163186424074,0.189014973598277,0.012333430633487815,0.02504469188921719,22.01479792775732,15.121265767078164
1526715968.76,4.583725534129295,0.18695278835889903,0.013277532172147935,0.02743460189105764,21.380439180495166,16.205484031720953
1526715968.81,4.602514600857747,0.18532505117056702,0.014045822723590801,0.031246532065202004,20.4240743048274,15.991707383818994
1526715968.86,4.572670863386951,0.1883219507837185,0.014668616871401152,0.03224065940218113,20.25745520493894,15.919556883408125
1526715968.91,4.384225005734403,0.19021471000480009,0.017644155059300132,0.03491224341076222,20.16446498170932,15.76620529278065
1526715968.96,4.155654271226622,0.19092171779394554,0.01438180765680403,0.026938604591765843,20.378402307442016,15.441627896095282
1526715969.01,3.9961297961535243,0.19248614536614347,0.0123559057422763,0.023034296242656647,21.560300237977614,14.6801490344866
1526715969.06,3.871188231590253,0.19297173066694934,0.010981710410378182,0.02010702018357721,22.82111130699335,14.464372311296946
1526715969.11,3.6584272021345,0.1905697450091161,0.012090046366648923,0.01999469567966823,24.19503688575439,14.44602775385239
1526715969.16,3.4957933317062726,0.1861295684738234,0.01202118668466386,0.017527832026177623,27.155838379813066,14.91707224756073
1526715969.21,3.411382124652165,0.18056772967832535,0.014897812965193604,0.025725561576655835,29.34100438076039,16.50792517442343
1526715969.26,3.2282385693891302,0.17746600066411455,0.016692543478599282,0.028676457032057248,29.25867377758138,17.280755618129685
1526715969.31,3.1190946850629526,0.1784794318491375,0.01645849184766268,0.027831702107351988,28.65308781753525,18.32907826263894
1526715969.36,3.1177422914662882,0.17581232242119035,0.01401625391295393,0.023962442776887492,27.00441143850717,19.42959680692993
1526715969.41,3.23721099181914,0.17624134677999262,0.012749884264954088,0.02304988329339417,24.956633482233553,19.765617255645278
1526715969.46,3.094711934433,0.17848613130324786,0.00964598694474986,0.017259397484081375,22.31158823517198,19.47945537609705
1526715969.51,3.3329027882107716,0.18387233764720348,0.009559364439583133,0.015714743362507905,21.782634486686298,19.76561000109126
1526715969.56,3.4638126727906444,0.18570065828898485,0.011864628608276653,0.016954956381791914,21.341617498138312,19.443729642350952
1526715969.61,3.696591181616003,0.18910940256361894,0.014482442396724964,0.019745866953620992,22.565271296327023,19.232014659796334
1526715969.66,3.8236187440424456,0.19401489319621734,0.016183643017705175,0.021883535856980822,22.577475505334608,19.405301538518398
1526715969.71,4.159265313014636,0.1953735603684012,0.01723499526191953,0.023212391004477872,24.014802076730334,19.488827674072617
1526715969.76,4.115858552898813,0.1918606228367066,0.016840958200396,0.024661244913753915,24.045434739451036,18.968817272587945
1526715969.81,4.126630425844262,0.1903848043982153,0.013669376126773498,0.02247682006068268,23.969542494069554,18.268055965841953
1526715969.86,3.985209050235807,0.18997740438281233,0.011065616932426733,0.021948241187352415,22.074698248410055,17.237736228426826
1526715969.91,4.143652436228716,0.18793728789665146,0.009720024528280583,0.02099234258458705,21.21665369503258,16.423048495820634
1526715969.96,4.168178563913365,0.18844747795020464,0.011965272671860332,0.02260674386072655,20.83747371351269,15.129243077838508
1526715970.01,4.031267333403464,0.1956098809398823,0.01061413457363999,0.01895183366333347,20.816119636583615,14.238250453700006
1526715970.06,4.147452470039469,0.2038314926792035,0.01386843245657712,0.022004912990920188,20.34520132974057,14.137546374765058
1526715970.11,4.319751684712622,0.20813273537534535,0.015955124653800563,0.02270786305023363,21.232171815893786,14.459392361971537
1526715970.16,4.196939648366986,0.2118542889057552,0.01584048953011409,0.02494307401926671,21.59312750740392,14.934437314070921
1526715970.21,3.954096203634403,0.2173236436337748,0.014509066776769384,0.08065194257067794,20.95779656234478,15.23985283454095
1526715970.26,4.060962631601252,0.22427336867322986,0.01651392936947688,0.15602691122486287,20.894448168624397,17.42958618803061
1526715970.31,4.041645190006459,0.21199339064331416,0.028141253299125684,0.20421017008458064,20.639270352267047,17.544495118422713
1526715970.36,3.9682218468020443,0.20049556510630856,0.03796305798706918,0.2397940100746918,20.027253273144595,17.36245886787109
1526715970.41,3.8070410833051573,0.19089683454933956,0.050627295807895295,0.27513204893136384,20.14571042402315,17.139427610393447
1526715970.46,3.9589728548102636,0.17884931939841045,0.0772677629208591,0.24908748657733915,20.66500204930678,16.557798187085474
1526715970.51,3.93212792230163,0.1612648108859098,0.1052442600556299,0.2103134511925707,19.891549527557167,14.623765243112052
1526715970.56,3.970673589636854,0.1686232892394447,0.12636105912253023,0.1969448745194088,20.19878445725364,14.138566407262962
1526715970.61,4.069371400350417,0.172115433414539,0.1480412202397348,0.20345070129623066,20.48646096307323,14.143225654604603
1526715970.66,4.091793194130439,0.16769541002243796,0.17171468710882584,0.22916669574997428,20.05785403832535,14.048505130927946
1526715970.71,4.010103069265638,0.162049468137853,0.18313084700799953,0.29837944202860417,19.518572373681142,14.937540523162536
1526715970.76,3.9059120277284807,0.16088080551514655,0.19476482344647658,0.3785846977129462,19.802447499468933,15.053936655286133
1526715970.81,3.7180025353121207,0.15317133610892947,0.2108913921273387,0.43438874595184807,20.702903699742905,15.45064323923761
1526715970.86,3.6809002306214365,0.15081206473607398,0.23194678417172593,0.4814022652586139,22.75601446890604,15.432498834393517
1526715970.91,3.8184612458963443,0.14690792625377969,0.2550479197849862,0.5450844752898392,23.222432989195564,15.371591852724205
1526715970.96,4.160896571735816,0.15269162866895297,0.2780530105295953,0.5768007393814841,22.567836306374712,15.650459301746313
1526715971.01,4.318196602605188,0.1540735820808386,0.3028057821853003,0.5870602360856281,22.623965131035014,16.527420637589277
1526715971.06,4.538697871433351,0.15498079471468335,0.32196324407162785,0.6302994368089341,22.466748621107172,16.610244505576294
1526715971.11,4.297148371263956,0.15194454688482428,0.33311674201622665,0.6760622267592268,22.978917686630414,16.464987453066332
1526715971.16,4.411845065977966,0.15131121585121388,0.34594359902574934,0.6824005245453256,24.480621712295004,15.702634920815715
1526715971.21,4.34723061586493,0.1527846094521526,0.36051876557688456,0.6970724162736891,26.08880814481801,15.869540772976583
1526715971.26,4.6046536626878085,0.15158278665340189,0.3683270467082787,0.7224079971630866,26.350499255094135,15.02394935555677
1526715971.31,4.760828650125872,0.15424056149255996,0.3721511636716977,0.7155610046540277,25.30845242982538,14.731060351496879
1526715971.36,5.286149644353725,0.15950570136275977,0.377328760780942,0.6887986172907136,21.542386314719653,15.597481904799215
1526715971.41,5.18099643479117,0.1649779167768007,0.3720947153114887,0.6563006878163408,18.614280833610152,16.74800695438798
1526715971.46,5.411692195006112,0.1517912983072736,0.3568946723386522,0.6164551521823289,16.740500673248512,16.836907149669194
1526715971.51,5.132607900546758,0.15485338205921634,0.34489244804934827,0.5533910351480394,16.46435389068704,17.225845437549495
1526715971.56,4.773599881398442,0.15438828289903547,0.3287301981820701,0.5083283085019387,18.239504903471765,17.228677058478713
1526715971.61,4.687307908311865,0.1516374803876335,0.3094565048758848,0.4828535382082729,19.056579304967656,16.390525775074845
1526715971.66,4.5569147411334425,0.15522607105443997,0.2918107171808087,0.45800997604497684,19.480097662544907,15.834755015537135
1526715971.71,4.356203935073465,0.17182049292962356,0.27861902831317875,0.4313589993969867,19.70049911607389,14.669865739888875
1526715971.76,4.682149862457275,0.17997501692357815,0.26112232297110277,0.4083411318091537,21.13526593671085,14.544035552417501
1526715971.81,4.843402013869464,0.1709535601308457,0.24841769399092295,0.3817612025901715,19.954688194145668,13.480468544696373
1526715971.86,4.670948735432128,0.16607885005923054,0.2286587884278633,0.35900296350102806,20.332196544267273,13.059386020956891
1526715971.91,5.085895898597823,0.17330673257397927,0.20167633249051406,0.30534215016513705,20.187278721222075,13.268715882806545
1526715971.96,5.201052540007538,0.16720110491823395,0.17386379243336877,0.23210710336164914,20.345445991574813,14.035541953831062
1526715972.01,5.086246185161668,0.1598556325495784,0.1467563881882253,0.19111027219778845,18.522382347694773,14.726843848691026
1526715972.06,5.110494109771627,0.1675677741520726,0.1187541052411706,0.17411555167212422,17.732238946007392,16.1554665898259
1526715972.11,5.205732791371661,0.16881595396012947,0.10016817654757777,0.14842176525970652,19.09906538861724,17.575846875200433
1526715972.16,5.033551012862734,0.16499829424282944,0.0833855067659676,0.15925984846109556,20.926443570838227,17.060661135090783
1526715972.21,5.082338489001295,0.16263925702806603,0.06975510154873621,0.19294826092790315,21.352159552935603,16.253715348879766
1526715972.26,4.72319605790958,0.16454281910217353,0.06083520891951284,0.20316133677403264,22.37164291320627,16.02785469325964
1526715972.31,4.215160140786766,0.16439464579770965,0.05352682875803326,0.2123424967982271,24.028859845665302,15.508092796070796
1526715972.36,3.6829245458286155,0.17177509917418998,0.04892742461257455,0.20488783610973604,22.233791054785748,14.219271426504053
1526715972.41,3.469821559110057,0.17268488028975015,0.05267027335123938,0.18154792064271913,21.643127804525523,14.683742073788459
1526715972.46,3.318451734291349,0.17730472357405094,0.05187024490577284,0.1452501802149479,22.025948175257202,16.04545142310218
1526715972.51,3.296488243465456,0.1789097254286129,0.052895444388460396,0.11670034027995593,21.149738060521003,15.459972659621998
1526715972.56,3.4528603455115143,0.18203334103351793,0.05770217434139991,0.08314119402864167,21.21980102937499,15.855761586684347
1526715972.61,3.6853144977349492,0.1810075705813951,0.05892505843530423,0.06905306526116248,21.1709781843914,16.009243923241968
1526715972.66,3.149481492634326,0.18035939930283706,0.060674417202556404,0.07344297064303357,19.351500666467604,16.343289008793654
1526715972.71,2.4319626001708845,0.1798444035443653,0.05956022404702314,0.07520484896901948,19.364913481663233,15.124998093846193
1526715972.76,2.1892190013994703,0.17690816149915625,0.057372158496957974,0.07744068414686399,20.610380728436052,14.94398474891022
1526715972.81,1.7858445048590637,0.17429035271823504,0.047416198527033486,0.06624008903615687,19.094275320370702,15.112530206713597
1526715972.86,1.2805687974624727,0.1758963833607998,0.03890780437996047,0.052699185679989526,19.98129548065758,15.997636715227925
1526715972.91,1.5495812938530689,0.1753536421191092,0.0285129078833886,0.03969148944952603,20.858185937768333,16.236083543752084
1526715972.96,1.633740615415462,0.17845429146321695,0.02559929670608514,0.033368947662686464,20.817071052995296,16.407223950569204
1526715973.01,1.693660621281277,0.18042062675363849,0.023043162570347955,0.030982926302593937,20.438134336686407,16.004922477360164
1526715973.06,1.6777468462196938,0.18132199684784026,0.020711409993717875,0.028125749455853635,21.48266398061996,15.29197571835382
1526715973.11,1.929489870452302,0.18219885333867553,0.02137710039702379,0.03049752103871531,22.006733971436823,14.327308128050413
1526715973.16,1.7624686871082176,0.1836392350191642,0.021286542450559786,0.03139551378894351,24.08912670310222,13.4991796374246
1526715973.21,1.628420948504247,0.18354519096554883,0.02153505098455299,0.033237990381960306,24.519308547508437,12.911420637983015
1526715973.26,1.3761546044998123,0.1833826071169767,0.017954972722135046,0.026624280486784335,23.236249025186932,13.17990553990541
1526715973.31,1.4121974694314543,0.1823322852068423,0.01731716771196594,0.02628644596440963,22.891577912095872,13.333603364844972
1526715973.36,1.2328188120596018,0.18195703188233728,0.01676524886166147,0.02471284972082859,22.124917941435537,13.465496364438494
1526715973.41,1.2186255932093126,0.18057668250343487,0.0138478130685341,0.022879876279268796,20.844204098886483,13.708933238114508
1526715973.46,1.298516914413378,0.1787065578386148,0.01120473452622071,0.020765787645727483,20.082268181954795,15.170164065223615
1526715973.51,1.427752667169094,0.1766586634654232,0.013185892146939682,0.020939112414494473,21.31537723015075,15.70220971950035
1526715973.56,1.5158549222127369,0.17834441297634906,0.013361907990065591,0.020956163758116455,19.612837281362086,14.298765105145531
1526715973.61,1.6714005963247853,0.17350231681717854,0.016086917429114157,0.02284021071404406,18.466995976420424,14.571733065839119
1526715973.66,1.8256932709660483,0.17094005750577507,0.020508139853022096,0.024891237908311784,17.366108252926185,14.934004548494416
1526715973.71,1.830540844882246,0.17172939458712713,0.021282342666143792,0.02557693545405333,17.965446399183698,13.758927377541921
1526715973.76,1.860575074079759,0.17282117986121465,0.01933022780542878,0.02650811826770156,16.845975501809264,13.797418329996086
1526715973.81,1.8284616327501246,0.17368109078657565,0.01726702652641401,0.02638268239518527,17.927357903753915,16.308357312388956
1526715973.86,1.6638260056537029,0.17615664089077898,0.013758130797476937,0.02529898544862736,17.965541397491886,16.766303883080727
1526715973.91,1.5280443068249523,0.177980604843519,0.012826426533902193,0.027079622328292915,17.79536173017621,16.646859815185632
1526715973.96,1.5070271406037348,0.1798612542644493,0.018664510446644914,0.03431186581704621,17.257440400293603,16.737076247700944
1526715974.01,1.7297675252357176,0.18038554524221173,0.02481575138822873,0.041895880981203434,17.459380894893023,15.99934772601147
1526715974.06,1.7106852389544458,0.17733597088410347,0.02917087175261038,0.04478806808405375,17.539731561050726,15.285285681579749
1526715974.11,1.8964025474078754,0.18018328257318397,0.035744812090028916,0.0515564653106162,18.06463049686242,14.235925683975067
1526715974.16,1.651239275329356,0.17971681673150164,0.03696996971954539,0.053761907016967675,19.195678261041373,13.966287094230378
1526715974.21,1.4464510587474948,0.1776204692435779,0.033913592146050775,0.04803945266695545,19.465334456688364,14.566071244136744
1526715974.26,1.2213999548519194,0.17375376983393892,0.03425890364218824,0.04734400438398795,19.5970306044298,15.472599804055168
1526715974.31,1.3996087158775838,0.17573784056984626,0.029127572878322443,0.04092637540327476,19.879914093115545,14.969277583799887
1526715974.36,1.4682501043872016,0.17477711077035,0.02880113346212188,0.03784063228884509,19.86565403149719,15.375543093798077
1526715974.41,1.9197019078743527,0.1768626829298284,0.024798580826201823,0.02959062536881511,20.02461860901701,15.460750003740241
1526715974.46,2.3329762222410646,0.1819087548401315,0.022716889079028465,0.028188276693795703,20.014846594242464,14.703984981069725
1526715974.51,2.137460680504083,0.1856635806813484,0.019882946946529777,0.02821876363472255,19.437513786681905,14.544290997048902
1526715974.56,1.8022269975191942,0.18238719102906065,0.02541392282998325,0.03358329557416198,19.184203698515073,15.255617930588334
1526715974.61,1.5868316930190909,0.1771678327956899,0.022479284983249418,0.028381561254500167,19.246189987573505,15.130237398328966
1526715974.66,1.2253428858510913,0.17677081693583652,0.024035484861070638,0.03056832341662905,18.453158410193126,14.690496366831395
1526715974.71,0.9306689898613996,0.17233186359885236,0.024743260761393326,0.03229624328278388,17.54345805986244,15.149752538790121
1526715974.76,1.0100798687798733,0.16911600722707468,0.023595122262329096,0.02816711994988457,17.18176090176904,14.348319576674003
1526715974.81,1.0859461917561617,0.17198045910720858,0.02525124586237025,0.030420585168535418,17.310197084135442,14.360295808216392
1526715974.86,1.2970647421732535,0.17340746674350488,0.026345092704483947,0.03383528459084158,17.032053893472526,14.90315332923547
1526715974.91,1.3588343303955734,0.16765450820141473,0.02420104887026919,0.03025787161626313,16.672161859379738,15.109801741183535
1526715974.96,1.4858343779102383,0.16925758893036397,0.028142960574956525,0.03698429265680816,16.624712700410527,14.923485599358482
1526715975.01,1.5066623991879537,0.17197842385658316,0.023639431437873355,0.03115126131868915,17.496692011517116,15.184985475471796
1526715975.06,1.490404866525656,0.17028325677993653,0.02192741697007485,0.033781363549782464,17.795085790092315,14.643488900128213
1526715975.11,1.1932024420389757,0.17157414674090296,0.02215741490443819,0.03827916009221214,18.621490693750957,14.037815030690442
1526715975.16,1.2116561829497001,0.17179476509113292,0.026626283673686368,0.04336699462503693,19.828379907206667,14.23976242500395
1526715975.21,1.015414497206054,0.1699444693100677,0.023576013034978874,0.036778384626114435,20.828085806461615,14.840159249427677
1526715975.26,1.2363329059452994,0.1699097188253177,0.025725509267213342,0.03947444018267177,23.999009420692374,15.515747032795405
1526715975.31,1.4744127848707704,0.1713433793123605,0.020640345412912778,0.034565751170330845,26.151724998783013,16.30930183487565
1526715975.36,1.5432200957375695,0.1722357561648949,0.014825925472089429,0.023845522399250946,26.19948099754703,17.27693022637637
1526715975.41,1.331733729145974,0.17405473723536086,0.012357047775087537,0.021989349792281752,25.663779748808533,17.848020450761595
1526715975.46,1.408508991844611,0.17353567270656264,0.011175859831284888,0.019141244276268427,25.64803730198248,18.118145261629255
1526715975.51,1.1682884754444782,0.17253344217692548,0.011740514602882833,0.02196252145597028,21.798774556949,18.476599315847523
1526715975.56,1.338619850112611,0.17453083602664524,0.014013976958393043,0.02215069704737173,18.998053958997303,18.140963424127563
1526715975.61,1.389408544089848,0.17363488357971132,0.015291375030807061,0.024213793524210686,19.469012950687144,17.636750198830406
1526715975.66,1.6185592376232198,0.1747012309170085,0.017085971251624973,0.02557958198869979,19.91522658261335,16.65937808642571
1526715975.71,1.868665699652721,0.17463338053801847,0.01719216459997675,0.031345661703831185,19.869008056094444,16.310677193555517
1526715975.76,1.8825316693767988,0.17400055704550915,0.021824938364959155,0.032067205438007625,21.809996311603648,16.142945512259647
1526715975.81,1.7073431611786256,0.17174765956486648,0.02367136939382398,0.03208883128981388,22.75814334362536,15.905222665064896
1526715975.86,1.6951772247405588,0.17300346584733337,0.023687328450141345,0.03144819754740051,21.67809556660928,16.37202042082197
1526715975.91,1.7068544679366386,0.1712869050341602,0.021543937637647628,0.027845064415707603,20.739644979598612,17.224078604697038
1526715975.96,1.7390563362219063,0.1702554603402378,0.02014006477128042,0.02038111943332317,19.979084781828938,17.807114131972547
1526715976.01,1.8563279030527429,0.17169019018269172,0.016967257945704244,0.019511812913577137,18.449740288734034,17.281730171588293
1526715976.06,1.9403006205830828,0.17264787070858584,0.015831508092803624,0.01864067857301649,17.15858743291928,17.80132972770377
1526715976.11,1.942035230302514,0.17205965228680498,0.01685174688593002,0.020091343091407667,16.374222793218276,17.0146126431901
1526715976.16,1.975211917377909,0.174877807761378,0.019003552875800644,0.02663095952321837,15.958950112060938,16.507929948803476
1526715976.21,1.8030240173509633,0.1788641839814698,0.021846567380670694,0.03122547388833914,15.707790403178006,15.642463970416102
1526715976.26,1.7121476797734305,0.17703829733351753,0.018905626376179853,0.03204213112217944,16.093593838584592,15.46539756653645
1526715976.31,1.2859236775668859,0.17463020768369547,0.019071389884878494,0.03011969485550291,16.355273953046247,15.14504011491475
1526715976.36,1.5336255573640059,0.18045722859302876,0.019310297480274817,0.03223447342646598,18.506043150091642,15.020998668253279
1526715976.41,1.587990716128691,0.1856090828279692,0.01627669883688335,0.0255368582249223,18.961565616925633,14.37298596364119
1526715976.46,1.7806762722967604,0.18579775609764482,0.01635838897126957,0.02826680214038423,20.360057971407596,14.00107611268558
1526715976.51,2.2381110209885944,0.18943807011624783,0.021579474294992247,0.030406642603124555,21.540765544155942,14.05372581505332
1526715976.56,2.632366382843536,0.18973261855134693,0.019741401359231036,0.03231383076499209,22.716862032509088,13.563873364842344
1526715976.61,2.4433719098952524,0.18825339462751658,0.020553964752060425,0.032509015854933994,21.34833947078646,13.92655012748306
1526715976.66,2.307683050957403,0.1829310732972984,0.021499901510378505,0.034330622280954036,22.730947772825765,14.976952505547345
1526715976.71,2.3929181427879196,0.18656760064591796,0.022341324125982904,0.035003344094685744,22.71675391187887,16.215060249737466
1526715976.76,2.29841421200378,0.18782372048955986,0.01811160994898257,0.03128070324821557,20.72833390619197,16.495120783539246
1526715976.81,2.2550929156442816,0.19390630710781237,0.018816672706320505,0.02758039966084578,19.239953572116725,17.350893749036185
1526715976.86,2.148220621157426,0.193812843585463,0.01774528290901084,0.025512383695680665,19.626739055834904,17.71888058771807
1526715976.91,2.211579834358663,0.19447922626128308,0.018082408024549156,0.02549923306857393,18.399161666462803,16.94154633568646
1526715976.96,1.9483392634546361,0.18983502611223552,0.015537172899267497,0.018775911808916957,16.714888883721912,16.53440472031203
1526715977.01,1.4780875853517224,0.1879024156298751,0.016145223577164556,0.01809392638849548,17.16445705953873,16.876605167799656
1526715977.06,1.3410541563520055,0.18430592353286004,0.01603786120639011,0.021181477567875123,17.8212806260758,15.96769537289252
1526715977.11,1.3513885241364851,0.18121033342268386,0.016294267482601505,0.023952646209619843,17.09235696213748,15.217939241822537
1526715977.16,1.4150691133494184,0.18172703014666244,0.017717296121360835,0.026971016917968993,16.470046094141257,15.887376584565692
1526715977.21,1.362323335233671,0.1820332284366933,0.016558157895975985,0.02846567709401166,16.84300732626276,15.343945857301705
1526715977.26,1.425939164057077,0.18303744449636028,0.013778638203124095,0.02448884790841665,16.70736188016481,14.71874287865321
1526715977.31,1.314930596075937,0.18435634965630193,0.014564840219214049,0.024475420811857416,16.45294012885374,15.022311760223555
1526715977.36,1.0814570460133648,0.18582953191840773,0.012246713432443075,0.023057524604426335,17.48593118240923,15.497348911509134
1526715977.41,0.9333609911200701,0.18524121259222465,0.008802247903541779,0.018133110802790123,18.729217943489594,15.044642635017539
1526715977.46,0.8390809644753975,0.1866548937628149,0.013612912945065222,0.021819115458094247,19.313912726931207,15.880296544838444
1526715977.51,0.7963696907342764,0.18628858081599772,0.01389471171521631,0.02393762214597564,19.84053419707935,17.107421494978947
1526715977.56,0.9742058385880011,0.18372953090341937,0.016930280573653818,0.025847502980203083,20.622443635403584,17.20880137146281
1526715977.61,1.3808609779867158,0.18596312743120325,0.020650630376527375,0.02762165684681629,20.227943686039787,16.995284404292093
1526715977.66,1.472338971964786,0.18740812519531258,0.024463683271882152,0.03211522214263719,19.410467250427608,17.163655579311484
1526715977.71,1.547800952682213,0.18618357302607366,0.018772159859964915,0.02688901222926006,19.717954112866135,16.352113958723237
1526715977.76,1.648918045788422,0.18252743964824075,0.02310879069809072,0.03302872189263419,20.069852068499248,15.639548251866804
1526715977.81,1.6143614376962807,0.1833884025425483,0.01997750892666399,0.030739254987275286,20.54184325007305,16.186888171194834
1526715977.86,1.3346658447890052,0.18069933172837901,0.0180346993251205,0.025693157895056686,21.395159945705046,16.43202111115404
1526715977.91,1.2787622040728615,0.1797714995010987,0.018028565321420952,0.025618518967055706,22.475801629352375,16.874789707581094
1526715977.96,1.6631545310388505,0.18683713043300776,0.019350802838529073,0.03146806340105156,21.593541959009055,17.62918566198078
1526715978.01,1.6723343647882642,0.1914072015554949,0.015055148325405767,0.02564529006221629,21.139835176248262,17.28221055118547
1526715978.06,1.6425847054911606,0.19206794139740072,0.015211268538104759,0.027334358239060684,20.55257865823397,16.66437273042244
1526715978.11,1.8280048521214405,0.19491635140871005,0.02005360309447217,0.03894370188553243,20.46035339215571,16.873094745828478
1526715978.16,1.7648584026060257,0.19905347539157156,0.022172788401696085,0.04204356759659697,20.099584117199658,17.0489146101654
1526715978.21,1.301058683942947,0.19517520830643845,0.021473419964887348,0.03761414442877725,20.561560490779836,16.82784487691116
1526715978.26,1.3859781042148642,0.19522835948127312,0.026121327731185466,0.04898903122775873,20.11236381262892,16.9356067780034
1526715978.31,1.3488377059610965,0.19991750098424724,0.025293113813042296,0.05094851951619546,21.21524144919021,16.836310528256757
1526715978.36,1.271955986655593,0.19939725436992428,0.01972003511909231,0.040434917885214784,21.64418113754165,16.55018235301231
1526715978.41,1.4316956309470277,0.1980778977092954,0.016285337626352304,0.03698924925572649,22.529645618028354,16.99132890467794
1526715978.46,1.5726354690735664,0.2000528056003453,0.017595642894457388,0.03366737278651393,23.502418906622943,16.81353982733766
1526715978.51,1.7817274318437417,0.20435149949166945,0.014299965021352695,0.024508598945074084,24.429492224816347,16.261107348753747
1526715978.56,1.6424193107251626,0.2034562691411215,0.01241813743818842,0.01905984653962083,22.694760075288066,16.368993907699917
1526715978.61,1.714343625804274,0.20462555013519923,0.0146523191610986,0.018775913218970472,20.65554034991768,16.68687768011865
1526715978.66,1.6056784765542709,0.20760783609693403,0.017698832799489236,0.021498322606514873,19.010854347543237,15.71449387376394
1526715978.71,1.6197909886694948,0.20627712046178917,0.016007804023653933,0.02305362178038881,17.693814968558524,15.833953559722973
1526715978.76,1.246568008176565,0.20444874225940307,0.017054605648154312,0.021487698649060968,16.38808076861667,15.964557652657959
1526715978.81,1.543047386744067,0.20578109830669344,0.017419860282334398,0.02066009846445407,16.998547211256227,17.034030735456508
1526715978.86,1.3082362179817777,0.2032859711120497,0.015805165502785413,0.021235135816177312,17.914202326237664,16.631783609170625
1526715978.91,1.229470276706916,0.19726661413944835,0.01423578114786393,0.018738183667928687,18.340155355782976,16.87330910489659
1526715978.96,1.105652395288396,0.19689465523114055,0.01562727461026456,0.01922008152318085,18.912543842637653,16.767597549001696
1526715979.01,1.283566662773729,0.1999957055196101,0.016889074518099578,0.020350520358540878,19.367997575409607,17.56742060844624
1526715979.06,1.4158788949452703,0.2034628308903654,0.02148099640813393,0.024420584202648515,19.24240439896112,16.531402032663387
1526715979.11,1.8037029448418178,0.2112710908834488,0.024180602603217295,0.029417066027453448,18.907190157700963,16.636690059337752
1526715979.16,2.1916789595929105,0.22059919554414678,0.0206831510014639,0.025537673907927976,18.766223530320975,17.23438316523683
1526715979.21,2.251630532008907,0.22175868001952126,0.021418735729576494,0.027708129901460866,18.23508046188707,17.627305609096275
1526715979.26,1.9497088506265752,0.21414509842162602,0.019979911773396603,0.029178428407199065,18.900181524862912,16.694445212737424
1526715979.31,1.953540082625119,0.21270926631444026,0.017714120756820197,0.027322016734819227,19.26175391228761,16.94893617759568
1526715979.36,1.9163723301113673,0.20714062108268907,0.013870539064337462,0.020341904001496314,19.096419085782472,16.431331769165393
1526715979.41,1.7459090534227437,0.19888960432358485,0.01446286418336781,0.0215090352856209,18.96663644771036,15.327113530593993
1526715979.46,1.8137710245843104,0.1969260377918673,0.013095438377082142,0.020214483450154797,19.15891782703501,14.511313684041497
1526715979.51,2.024536478363469,0.19762912834303412,0.010941652228570364,0.017104739190666414,19.927408013354892,15.062619585594556
1526715979.56,1.6673371729505055,0.19360340659996972,0.012444706637619955,0.02092766723191041,19.964579954296518,14.58168467542589
1526715979.61,1.5295387340339572,0.19471754821331122,0.01481072810499955,0.02495320739502611,19.25308420073037,15.103264928372864
1526715979.66,1.3903475900058633,0.1952604760287014,0.01715167360997534,0.0284843761599229,19.654072403586405,15.052830487751736
1526715979.71,1.222380655293597,0.196475394523022,0.015716659597608887,0.026086955664504433,18.711969496690944,15.770962741398675
1526715979.76,1.083297422776187,0.19418331174257422,0.017599303517054257,0.02770209839474543,17.86029054523751,15.879659178029451
1526715979.81,1.0753363262090885,0.19071356185573296,0.01410166305290252,0.022559078937903963,17.921644190667955,16.31598488053845
1526715979.86,0.8988440523541779,0.18710220373205655,0.013011703574762543,0.020441466507063237,19.248860813266568,15.779707700031944
1526715979.91,0.919776728975136,0.18565840174415568,0.011392115153939434,0.018867328431456883,20.41732107313352,15.939124920408508
1526715979.96,1.143966846251114,0.18406493770303517,0.013411016843361502,0.023072516928752215,22.52633138167335,15.30035564213383
1526715980.01,1.328459026129177,0.18529893869182953,0.013415496599974468,0.023829333100445417,22.848320429033514,15.932881973951307
1526715980.06,1.3870438069378297,0.18741001238748434,0.018466006467740534,0.03221598706063372,23.064040942757163,16.186554581676056
1526715980.11,1.4580974603905283,0.18995765630063285,0.019429032101309914,0.031674515020254874,23.081092971732883,16.94895454388809
1526715980.16,1.5459509685536494,0.1899427269052953,0.024598558904322495,0.0381547017147706,22.366398667268843,17.21572362357707
1526715980.21,1.2982584744022645,0.18865969271605412,0.02354053386679336,0.036525394407846794,21.56388469141699,17.788695955377527
1526715980.26,1.178407035488872,0.19052729348946348,0.022219280541656207,0.03363429516002863,20.26967676558199,17.134102978124897
1526715980.31,1.2724300589936515,0.19012089354121348,0.02084383430351846,0.029652658566588178,18.882989564335077,17.56124623534104
1526715980.36,1.3960086775969636,0.1885517923060626,0.021845385087235908,0.02897189252934362,17.423217628088047,17.89792415011013
1526715980.41,1.2926727064130514,0.18869694287723232,0.01804461459674023,0.02068453979578944,16.737591360948766,18.77615474711094
1526715980.46,1.442536799281715,0.18773180880467266,0.018819588400031714,0.02102068701305979,16.529834191071565,18.925458675649658
1526715980.51,1.73958921876983,0.1836656983079266,0.018613921977088742,0.022052121466012972,17.895894651982413,18.855556763419145
1526715980.56,1.9530796716779733,0.1848703076535845,0.014463999391666335,0.016078909357678646,19.651308004309556,19.016279144383162
1526715980.61,1.8858845067272272,0.183733097164892,0.011249407221563644,0.021378159867526208,23.21371546742356,19.163645860166366
1526715980.66,1.9700950659543426,0.18709034073385108,0.01050495625507555,0.021598092984580188,23.642170151626534,18.714654230682125
1526715980.71,1.9170040262185912,0.18929291860490896,0.011082851378526024,0.022140581774346635,23.18043599279997,17.92776583859439
1526715980.76,1.5780415418818219,0.19399009104610299,0.011478602088697496,0.020464118290302417,22.284067645726587,18.066702899490696
1526715980.81,1.2265777465367873,0.19352226402220987,0.010721435467301053,0.02122771540238491,22.267735145385103,16.665191704047576
1526715980.86,1.287351266876621,0.1934914239535108,0.010594125826262155,0.01796814362045796,20.629937147813546,15.857740260848688
1526715980.91,1.329468604316982,0.19537760157272716,0.01040883647630838,0.018848581279800627,19.859320080199172,15.194386112234687
1526715980.96,1.2451089111742903,0.19276643324509807,0.010518493522256034,0.019005614835935526,19.935086370311474,15.375517620304747
1526715981.01,1.4132089416246043,0.1893571496425427,0.011170631413064876,0.02309453788097082,19.823719472631335,15.141676172063704
1526715981.06,1.4460961776724934,0.19036293712960342,0.01722996324148999,0.029976810413329794,19.424220844349147,15.552475963370231
1526715981.11,1.5916236021877255,0.19647428261620165,0.01781214401987538,0.029987117241681047,19.203792593338086,14.808878698801204
1526715981.16,1.4636733228642091,0.1940653528912119,0.01679344551467705,0.032463648954545725,20.300899946728997,14.880656538251086
1526715981.21,1.5947197304477077,0.1961397752278536,0.016305982849574324,0.03253773888385556,20.198536230540203,14.54629101697055
1526715981.26,1.6480713817270534,0.2015130645428731,0.01925720904778239,0.03277125161026775,21.326666078092927,13.948115217068002
1526715981.31,1.8119568967358781,0.20027356795463394,0.01497124932024951,0.02669075946738712,20.52823567829454,13.632332322263531
1526715981.36,1.5488801378006922,0.19749462314804647,0.014833969137285762,0.025213010690661713,19.9300130863388,14.366323062092164
1526715981.41,1.7719920137811143,0.19698032698155474,0.018051312710012018,0.02574139828146158,18.490237867322456,14.723093503709794
1526715981.46,1.8159524846335449,0.20128768498706492,0.019024357657444757,0.025908645906362198,18.502373595331548,15.39896922809081
1526715981.51,1.6921005073168798,0.2002150836706989,0.014644725559900828,0.02240732777015315,17.69797201503155,16.08280599540169
1526715981.56,1.5996582291739148,0.1978921745083659,0.01453598448942959,0.0241658878061105,17.442302789045865,17.006563868568648
1526715981.61,1.7687973584456225,0.19706999951482432,0.014634212353687462,0.025470525729546434,17.266510014124393,17.30007862653483
1526715981.66,1.68702515909368,0.19827508786994247,0.01288236228817549,0.021868356349411717,17.88571773274515,17.116295141583652
1526715981.71,1.5782747852685437,0.19340071710276485,0.009486361618635687,0.018856506021546374,18.28887424632748,16.447955630234922
1526715981.76,1.4524658238281845,0.1929689794064992,0.012017611310038206,0.020546878815786488,18.898827272000744,16.925043220307057
1526715981.81,1.4047716516902475,0.19500946026242483,0.012283627964748692,0.02161323736076181,19.232066794361835,17.167321539983636
1526715981.86,1.4497041893949159,0.19531090324999728,0.011618511882970336,0.021194331844195828,19.87578156144206,17.092455146897677
1526715981.91,1.5092129269003292,0.19835410551809537,0.009326348729746005,0.019621256977499633,20.988245065123802,17.70553452745927
1526715981.96,1.8353181735599042,0.20274196583407184,0.013033954868612831,0.022695575115404737,21.48411394181947,17.92889680894719
1526715982.01,2.0261916202316197,0.2012327880045895,0.012568572441513411,0.024040012673091343,21.96711296322855,17.343759917728132
1526715982.06,2.164737813644445,0.2078215344273588,0.01734657699768579,0.021279861282076904,22.563821585904474,16.46230950471414
1526715982.11,2.0177458151231558,0.20575581395387119,0.030462022616825946,0.031254566862852766,21.77989264407418,16.397537322868715
1526715982.16,2.0736421270589127,0.20260855255616056,0.047150252544336586,0.046394486862915585,20.307720146253185,15.682957931560638
1526715982.21,2.082307522393593,0.19612014070594597,0.07185012845936967,0.07816861426288682,19.949828585519086,15.677370996160526
1526715982.26,2.2644172620278025,0.19363895239465967,0.0955047938297728,0.10959200551405023,19.80947905183687,15.425734615247197
1526715982.31,2.2366649479553318,0.18764325317502323,0.11499440788587408,0.14558330656969534,20.37495214503942,14.77114449927618
1526715982.36,2.236854238983274,0.18681873382042935,0.12090958768170584,0.1614571622559384,20.242889619849798,15.308846884237816
1526715982.41,2.193752565677575,0.18645666979349954,0.10783271076166337,0.15347846583729574,19.74556379507679,15.818563089042529
1526715982.46,2.1223694382995717,0.17860115887905187,0.08770518106563306,0.13748229996325445,19.351176993228396,16.076854562055054
1526715982.51,1.9302040645751364,0.18106384126305547,0.06802858417996435,0.11131819751180642,18.70919925911312,17.229219438335075
1526715982.56,2.103811353330827,0.18138420123545665,0.057177336375874355,0.093791381395384,18.482970758413977,18.114961854092716
1526715982.61,2.6051292370494243,0.18417421437978315,0.04744928107016841,0.07620961836883185,19.16594841531617,18.206926276882495
1526715982.66,2.710850040643187,0.17927967290317667,0.05722779980865185,0.08480628226508435,20.11111703366407,18.53891869250816
1526715982.71,2.5212401116137713,0.18692460350695186,0.06282979159846555,0.0829418115302969,20.378848032518174,19.005264618872125
1526715982.76,2.264726586938735,0.18636570413276438,0.0708195075381971,0.08604999072885271,20.387969475515252,17.818713903387703
1526715982.81,2.210658619775413,0.19156518620067098,0.07264049407395799,0.0802795722570463,19.59800150997595,17.161118524585305
1526715982.86,1.774498669530823,0.18973474878296237,0.07775161126311717,0.08198666284765477,19.08575549113365,16.169993546935405
1526715982.91,1.6609099606355335,0.19134193340216032,0.08057859837427962,0.07827370135592435,19.720051823491847,15.721925182580991
1526715982.96,1.6871749629607884,0.19002042350378415,0.0886181634813146,0.08124513595389385,19.850776777709434,15.36078597440189
1526715983.01,1.684283664164662,0.19210751417533117,0.08879836841863686,0.07703790677065378,19.33960402531129,16.01816390869211
1526715983.06,1.5993771043056222,0.18695931184034517,0.08470374707887,0.06475215335560759,17.967878064266834,17.1885946429743
1526715983.11,1.505108248566428,0.18673714016231596,0.08039447428861053,0.06429518000746118,17.03401620234301,17.620728941372253
1526715983.16,1.4181003053828727,0.18678200781142104,0.07171520017825983,0.06276933790940083,15.86264306614179,17.38552838852513
1526715983.21,1.141366261855199,0.19280720503848522,0.07257386096575638,0.06858885442133912,15.412836446185604,17.737717389690324
1526715983.26,1.1784070445014725,0.18347555354184195,0.0790388522423657,0.09712652704961554,15.996502225813419,16.816927886505873
1526715983.31,0.9780334741273922,0.17862996278737017,0.08782142562836032,0.1174488353878629,17.40973211663939,15.776770845114612
1526715983.36,1.1273220587026807,0.1654790082491684,0.10850165416238924,0.13431491348136174,18.563903228924186,15.913497725983623
1526715983.41,1.0948688917032827,0.16407148082713754,0.14562904839355595,0.1745434346456238,18.93016629867465,16.529166185118093
1526715983.46,1.3758380537531367,0.15975217504532488,0.16076858820945536,0.1928068334633181,19.235598167737894,16.617823786063806
1526715983.51,1.450412703605896,0.16350324977429276,0.1612247444451419,0.16978713668814063,18.34345174934603,17.759035957360886
1526715983.56,1.5354539738490827,0.1623088233992269,0.16791297354509022,0.1678925615001994,17.912700886000437,18.137990869540225
1526715983.61,1.2680749239717815,0.17163339107820239,0.1614576248387209,0.14430885072435234,17.902768817587297,18.930613730351098
1526715983.66,1.2091969745333635,0.17262891107131717,0.14808867576360582,0.11029065386626526,18.025717196124255,17.983939398110188
1526715983.71,1.0767547221597351,0.1699405638546026,0.14184068022248258,0.10459340076906341,18.3979901622934,16.93494694976181
1526715983.76,1.1687331261018035,0.1693622373819347,0.14577568612033578,0.0976733368384761,20.068409421461986,15.877029180026636
1526715983.81,1.3240382266036324,0.17187929036757799,0.14810386847089654,0.10527823463286788,21.425980444535476,15.601231775422312
1526715983.86,1.6809714714046706,0.1736420065248877,0.14715047456014294,0.11113038156306386,22.54324426730872,14.939740838840319
1526715983.91,1.7919052066097811,0.17580204804107735,0.1443123901609661,0.1014676079541594,24.40399522868214,15.572131371067458
1526715983.96,2.0520145711324758,0.1797127582419202,0.14781445127017345,0.07618035067065734,23.905400532639177,16.38006685497355
1526715984.01,2.0271499535810378,0.1839778496827992,0.15763090835258609,0.08674459500344031,22.884620943163693,16.87084288613085
1526715984.06,1.8083462570285838,0.18286401412347925,0.15482381375359391,0.0701755807594172,20.79626066873684,16.761111950245926
1526715984.11,1.7157727706445671,0.17706717122537075,0.294286959027923,0.3988597038266813,19.44991699527805,16.1437456234577
1526715984.16,4.600077930988098,0.4970645787368087,0.3701086485938706,0.5884057681147015,19.068360654525648,15.077237589410856
1526715984.21,8.174520128396184,0.7425231904938077,0.3759944422764675,0.6741836371817105,20.085755160186327,15.22402614195606
1526715984.26,9.150927204976622,0.8080597057858778,0.4279340477904535,0.8812918726012897,26.189711047055077,15.917673043069863
1526715984.31,9.275856852418642,0.8801035953931008,0.4521811802729584,0.9739093834316012,31.89774342725516,16.98568344275243
1526715984.36,9.848594856234257,0.8974438150165551,0.3298476541494914,0.7185974035250428,36.96053626804441,18.060544374333794
1526715984.41,6.971516982087244,0.5812121485546533,0.3028628861171583,0.699133866879887,42.206600636280264,20.33770838432293
1526715984.46,3.2514947826382894,0.31638269889087883,0.30780728256532053,0.7164760465760741,48.42537528194749,21.11452158533611
1526715984.51,2.644923026369401,0.24424754768868148,0.22896684823443736,0.505215152368276,50.42451502550944,20.81464238080617
1526715984.56,2.5976444377058434,0.1678928600945272,0.20996484487038244,0.4698013528618633,53.44604289390539,19.394024736116602
1526715984.61,2.1187389446979705,0.15589758706390658,0.20960294862090129,0.4720964304755103,58.664043720815116,19.15469301028258
1526715984.66,2.1270109251417897,0.1501706039972395,0.15004840854450943,0.3324555159676374,62.04314372821939,17.84266889784082
1526715984.71,2.1560838467951586,0.15982598836819326,0.11812572872897133,0.2460246480248918,62.516325054840095,16.790202413064357
1526715984.76,1.8458055304762089,0.15673895448465264,0.12842020537705476,0.2770565751517507,61.38087846032029,16.799792017938543
1526715984.81,1.8465191436903947,0.15775072095377032,0.10647234028154423,0.2307860152762035,60.33969102771068,18.29860277253083
1526715984.86,2.1317218805324627,0.15317572199348015,0.07906899437516862,0.17740762059914597,57.07172094707558,18.194837186287536
1526715984.91,2.039914286557637,0.1506386169694073,0.062431906998974926,0.14161236502207258,52.902571494528445,17.826112309266364
1526715984.96,2.298281721490159,0.15303351280794256,0.05218558421326921,0.11768156055445507,50.123859640454015,17.405316698352475
1526715985.01,2.421806858899585,0.15733539900502527,0.041200348581468496,0.09239853809279992,48.67389681447235,17.0110836234041
1526715985.06,2.300815223675413,0.16281287205130796,0.041158188354309046,0.09271449162302088,47.45887590032389,16.110746125745568
1526715985.11,2.049919955972459,0.16689310138142746,0.03152949150369269,0.06625367021100215,46.15103591070694,16.365481510204575
1526715985.16,2.0983885324978044,0.16973795709404538,0.036870973789156374,0.06796555300098593,45.015187765478615,16.780617783628145
1526715985.21,1.6708565020244726,0.1741646606096025,0.03360288577133148,0.06332430394049184,44.618367556380356,16.515001186659227
1526715985.26,1.7605537059355696,0.17279579390595248,0.02932501677267923,0.05030023185788407,42.269401116170386,16.206273369143414
1526715985.31,1.7901343001798817,0.17231538412368783,0.021572105527831134,0.028426961964687168,40.800190095158264,16.309378755649195
1526715985.36,1.5770555076366881,0.17398065214198646,0.019461632283261053,0.02808472267361357,39.44868873357226,15.394733701248304
1526715985.41,1.6303532380518146,0.1737485568698586,0.01948163581814768,0.033269506573443415,37.56606453626981,14.90323550837882
1526715985.46,1.8178999982379616,0.17483569803085797,0.022411791925786594,0.03714399730754079,36.26988184649146,15.775044411097344
1526715985.51,1.8175622200544028,0.18274842788589502,0.022885868572076255,0.03826086556192622,36.31252355577106,16.906114291721167
1526715985.56,2.05496316724057,0.18419671276506094,0.02128192039696411,0.03962780201952322,34.47129725565797,17.04444915395346
1526715985.61,2.2008287393876467,0.1840696367897356,0.025515078397956928,0.04338243557341843,33.79288484862843,18.24727346209272
1526715985.66,2.1731426599300563,0.18107236415431852,0.018659784858675036,0.034215514398728636,34.83980973595756,18.562496569005123
1526715985.71,2.470616593201355,0.17689234522758251,0.020234738478589698,0.03409492216935059,34.72142519438052,18.333860094486102
1526715985.76,2.2261336780437277,0.17001558350652224,0.019064687790152156,0.029160599930771892,35.011812649619905,17.83322869936043
1526715985.81,2.2342312303142693,0.16393217833768314,0.020267770678814134,0.03517831581614208,35.07654126402171,17.62634095693115
1526715985.86,2.223081039194945,0.16053706616791247,0.01726800505275722,0.028667453086267673,33.94856744324061,17.096298055575666
1526715985.91,2.0671264117092347,0.1633152790838765,0.018980882916517967,0.046524131553910955,32.23169978429618,17.086247017210205
1526715985.96,1.679240910713042,0.165352841649115,0.02116958611767865,0.04990644172466292,33.69814847473361,17.283643164764786
1526715986.01,1.5604339284701845,0.1673703170585267,0.020893855058992383,0.04993750748909204,32.993979627573694,16.98107643583715
1526715986.06,1.4853242076255653,0.16860504015264105,0.021681714053717757,0.04754444960343045,34.119962538705295,16.90069943197779
1526715986.11,1.430946945480313,0.17143225118011785,0.019226183410939752,0.045946046551126066,34.27003610658692,17.11810106360517
1526715986.16,1.4555231288826604,0.16695220578667552,0.019450723865158826,0.029138439577134453,34.951329440395384,17.56482602779926
1526715986.21,1.359136617835771,0.16895032401663537,0.01784667172287142,0.02671101634268321,32.390839812742634,17.730216508326887
1526715986.26,1.2992121248232085,0.16533471482917292,0.017398686882239674,0.03036579644283629,31.07361542999442,18.493427451095755
1526715986.31,1.0538923728980876,0.16796488678912214,0.016603269193358458,0.027471326916187692,30.165040177759952,19.012630723487614
1526715986.36,0.9073566773603434,0.16972254523902264,0.021336496184797424,0.03225603686536249,30.75088372123131,18.1970238424162
1526715986.41,0.9413623486519005,0.17356909587083885,0.023804516114451942,0.033440406891782515,30.728042807209768,17.558137897298057
1526715986.46,0.8503329876237746,0.170582852309326,0.018790830328271065,0.02707088573106179,31.79027246369196,16.964695054403947
1526715986.51,1.0110926329164018,0.17432680023823438,0.02002623802308538,0.028503905020111114,33.80818681902167,16.19494232541922
1526715986.56,1.0158054255553626,0.17105740425610738,0.019141128954148746,0.03084701333584539,34.640419028553694,15.25154571572688
1526715986.61,1.1087984785322405,0.16868488512502963,0.016906384419199626,0.02575651205850337,35.12752528477991,14.69802372185738
1526715986.66,1.2369394759717793,0.17007961885815603,0.015321949385279575,0.028966885405355348,35.219087337143364,15.047843872883284
1526715986.71,1.447039288280254,0.17349096337045117,0.018307130586938974,0.03002857989092622,35.64971009254852,15.677969649179254
1526715986.76,1.34035581885338,0.1765461561845024,0.01721853149392707,0.02528527960618487,34.30706321102528,15.579436069808333
1526715986.81,1.4752741427396263,0.1800305430760649,0.016800853664493017,0.02314060491292099,34.859674460811036,15.97625984079151
1526715986.86,1.326429475197041,0.18112685966574008,0.01665161944020961,0.024274342321800712,37.514845918505195,16.5580005963971
1526715986.91,1.1456873258329574,0.17928300847278236,0.015442020718541822,0.021158867874720103,42.26129956950087,16.93667349399654
1526715986.96,0.9787012633501452,0.17913249434927594,0.011883345391788824,0.022345577025696867,46.682534118999655,16.191999395735156
1526715987.01,1.1107582862023995,0.17640861235567734,0.013118425369093922,0.023170261043642254,51.65045273022528,16.499299294392134
1526715987.06,1.2768531543359263,0.17129509831685033,0.013381578615369732,0.023477986660676003,56.36867579659643,16.394687156289475
1526715987.11,1.3347973832522249,0.1667276656025384,0.011933579800090416,0.02280684125031044,59.09492197730746,16.876228527715483
1526715987.16,1.4867528212300969,0.1643286557159077,0.01278317742817067,0.02366013137255933,59.8275012385716,16.040541519513948
1526715987.21,1.5692962575053584,0.16365936023612077,0.017028503232677968,0.027006909392733622,60.57928761410018,16.17616753393622
1526715987.26,1.4323993925468226,0.16224037327049615,0.014822798316712406,0.02580879446551891,61.33636522518149,15.531904120019508
1526715987.31,1.2476374220724848,0.16371251791596805,0.01812352981321844,0.03131596664158727,61.77920471190253,15.383236538261968
1526715987.36,1.4073992073508101,0.16384564714019767,0.01772275220198505,0.031281691425867245,61.003227632869255,15.057759988636313
1526715987.41,1.4505263520031757,0.16739709014281345,0.01572208425022677,0.029706926915678056,59.991813134497896,15.990915669800692
1526715987.46,1.489445957407719,0.16830142643249985,0.012078587420561603,0.023905688516629078,59.58708340301471,15.478247057932178
1526715987.51,1.7006948929378862,0.16803934977779103,0.012920474046291531,0.023598207128551964,58.78846311792248,15.69087516493589
1526715987.56,1.8430789241668337,0.1714287432404411,0.012652709057159666,0.022724903838774704,57.131423984247476,15.944884583075565
1526715987.61,1.8410318747593688,0.17665330003023755,0.013153341878192625,0.0231619927230662,57.2445106457788,15.725131885316692
1526715987.66,1.8426099478008242,0.17439229609524542,0.019224605308916565,0.032146048195349344,57.95199454319465,14.52074418500583
1526715987.71,2.1408693139620665,0.17587508203235044,0.02103646247184401,0.036249851883742516,57.692293871772215,14.378998012718192
1526715987.76,2.116557905342788,0.17662028450090236,0.021229041140321547,0.03715695202356925,58.72298003254192,14.412089401867322
1526715987.81,2.093449020809639,0.17892426243729762,0.02038662526999471,0.03585301075559717,59.13653897169727,14.60533737472057
1526715987.86,2.0053901741554423,0.17769919452874877,0.019286755499495805,0.03569710645030702,58.21865034670909,15.029171444798658
1526715987.91,1.8828328593141055,0.17711701437613847,0.015810705904759526,0.028967163992832425,57.187277650665784,16.6120311591663
1526715987.96,1.5333922570775198,0.1745331615150181,0.015567293316256631,0.027739338442461365,56.86529467807675,18.23525360131072
1526715988.01,1.594674929112912,0.17231926153476368,0.015495250843484621,0.02866444238484881,56.67364454195188,19.022141775019733
1526715988.06,1.4507106925132398,0.17087454132644236,0.015843893709917574,0.02913555398375735,56.130326299838295,20.62205869488774
1526715988.11,1.705567648787167,0.17037573877679446,0.019189521161222085,0.0329054186520125,55.82107709396239,20.57200019507903
1526715988.16,1.8044979698863985,0.17563257572565796,0.02443114050706205,0.04752294730381659,55.52762707411403,20.194784572706883
1526715988.21,2.034956859556007,0.17471118514684467,0.0274901852913399,0.050693836651761505,55.116136276283,19.58629048079937
1526715988.26,2.0400008412753854,0.18183767174620002,0.027323968039464852,0.053204110597570416,53.34831796382662,19.35495008236609
1526715988.31,2.040356404124961,0.17788872740967274,0.025226935003247034,0.05042568352470389,54.34379603170258,18.821478149395713
1526715988.36,1.9411491966120413,0.17567212063964188,0.025694769384520665,0.04837290200505094,55.23840691889024,19.66249292257009
1526715988.41,1.7774588524176032,0.17515893331113994,0.020863084449923654,0.03709443868527344,56.549800972639844,18.692910888561038
1526715988.46,1.9901520700563202,0.18190736615425526,0.018005720871494903,0.031520749429980004,56.803437240329394,18.199632352039966
1526715988.51,2.195296633223408,0.18257810893329024,0.017069441056042894,0.026416500266786113,57.326167916673285,17.846207665399596
1526715988.56,2.2613263747651655,0.18194835724261943,0.01770054325825991,0.026124779463213028,55.98325966757093,16.91009575942155
1526715988.61,2.26153185643682,0.18414673293230654,0.015912719880415423,0.025946707555585122,54.941452063339476,16.535296425810934
1526715988.66,2.2726945209878666,0.1819908984015343,0.012815013274493551,0.0214293997762851,54.59206589422795,17.12158763957644
1526715988.71,2.021594580026576,0.17506063469463887,0.013315658753974315,0.02646233725965967,54.04854635926348,16.97093423764722
1526715988.76,1.9310024912518486,0.16941293288469364,0.015205514739716241,0.02876909200007027,54.51900198250291,16.952538247688274
1526715988.81,2.245763275427119,0.17444379288995493,0.013381822197683906,0.026091037078546472,54.89422664459187,16.28202615516381
1526715988.86,2.44585895868395,0.17727461029975505,0.011584008723297788,0.023877285125924217,55.280548815524575,15.39640890188201
1526715988.91,2.4950876075713744,0.17252621083945657,0.013336065379585692,0.02476424855493465,54.218752893073344,14.128154468841071
1526715988.96,2.4443026182222645,0.17197410337673097,0.010182718448568802,0.021470806631409965,54.86703829188868,14.442280215367914
1526715989.01,2.285244637236641,0.17486690488856882,0.00917166493396319,0.022243400414047126,54.0345236464313,14.188682779247033
1526715989.06,2.037998315633865,0.17188361879988698,0.007986427226256821,0.02343182628171297,53.528167416573474,15.029024535134518
1526715989.11,1.605525392185637,0.1690408332757054,0.009644785074173741,0.023636432969169327,52.96712037098961,14.676655102754635
1526715989.16,1.7550218775538269,0.17138817533539952,0.011067440782521455,0.02716127170429517,53.6383094915658,15.877197361933097
1526715989.21,1.530426525718853,0.1724447351786675,0.017715771602087108,0.0345920906343758,53.67235995532573,15.337065944287723
1526715989.26,1.8344620916852377,0.1752027244685428,0.01958522082167551,0.034340428556857774,53.9851978594856,15.154541752160576
1526715989.31,2.1664439313448205,0.18104047958861183,0.02282615507936866,0.03775242418736467,54.51026574584677,15.119558873654826
1526715989.36,2.4936063295125273,0.18207634798148048,0.021536286469161153,0.036616212774863,54.9623473407312,15.94528572865476
1526715989.41,2.4766890763709237,0.18335126636091803,0.0205609148857057,0.0331979187595701,55.03718045933326,16.004619421841394
1526715989.46,2.7923007460359495,0.1864747867860348,0.020141406785752408,0.029944100475678342,54.85300088878352,17.48442412396887
1526715989.51,2.5460511169559754,0.1800717722782765,0.018249795735193714,0.028827334538809094,56.21203976578809,17.80500725754101
1526715989.56,2.283168637213913,0.17566848654438752,0.0199080688117868,0.030083907355257216,57.11541469397529,16.99310859320106
1526715989.61,2.126769180504073,0.17398592804228252,0.020466885226564358,0.036096348284805804,56.62190799884456,16.524090469472572
1526715989.66,1.983167825137679,0.17308677246233464,0.02427422474577717,0.036991275235824655,55.45946310404984,16.612119224550845
1526715989.71,2.110539686861586,0.17073867044465968,0.019232219522080048,0.03186914433197496,54.28276205364701,15.276692001430881
1526715989.76,2.165833017977195,0.17374432440026089,0.022297953649682855,0.036092134929986225,53.41841324933302,15.314800979056644
1526715989.81,2.12579359279179,0.17512837322512284,0.017213966757256217,0.02908658005199082,52.63323625425256,15.814278461091522
1526715989.86,2.203736867343962,0.17647717201252983,0.019017960177720252,0.026945967218303887,53.67182347075575,16.01419390515662
1526715989.91,2.4749207928749004,0.17901638315493754,0.015797488908961505,0.026322336592515032,54.215342191944885,15.406959997174273
1526715989.96,2.3813841743104116,0.1795201094458514,0.01532119332771521,0.027415244009913537,55.66412802129544,15.06579623221559
1526715990.01,2.3641407795856035,0.17774380129332346,0.015806256446428812,0.031640287791101555,56.0927763441987,14.776765518170157
1526715990.06,2.5317604453522833,0.17496232201748882,0.019206842218372343,0.03608371330886834,57.26705561793685,14.21117783552814
1526715990.11,2.558682927496178,0.17163068172279883,0.01771601241874021,0.03494744543071173,57.5373341177253,13.236194961952185
1526715990.16,2.3155985209642385,0.16847435588262338,0.01834242194994079,0.03992659470405414,57.435268095633155,13.177694930319463
1526715990.21,2.1266860332658686,0.16859296761342185,0.021403287587564535,0.04187599241153063,57.204550169104486,14.163242365407273
1526715990.26,2.01306975424402,0.16535244574332014,0.016983533420892483,0.031829721646159985,57.17138467041541,14.36880840655165
1526715990.31,1.6420437739590923,0.16409220555911871,0.015298690078153461,0.029392115006896053,55.946953046896084,15.159257361300694
1526715990.36,1.5501311268098839,0.16384911760431473,0.015673783818881074,0.026879173693130635,55.076326543890076,16.30263542980435
1526715990.41,1.6704770868284173,0.16804694878573925,0.016382529893993813,0.024540253910948908,55.15203072350394,16.045823292642044
1526715990.46,2.024153193700681,0.16809766200838053,0.018949556002395434,0.028226850925470913,54.72707474911276,15.630626177758566
1526715990.51,2.240508144491642,0.17186421882992414,0.02175064614413929,0.027345696630207587,54.844521342663334,15.824324310296133
1526715990.56,2.822987280723176,0.17494885102107655,0.021586579652677868,0.027442041166879486,55.096173840911604,16.230690145852353
1526715990.61,2.9398779295159834,0.17522396617891947,0.021688927824195462,0.02779763479068795,54.53800474063148,16.014957756418788
1526715990.66,3.0739227224707117,0.16897716540767907,0.02131739641110927,0.02779330923906429,55.32487966922298,17.44488416673824
1526715990.71,3.070965663508154,0.16704628154811882,0.017217663778960595,0.01978173833434886,57.02930255255312,18.205923516723995
1526715990.76,3.3632729294119734,0.1664453620915176,0.016530759129877927,0.02163056320279747,56.93103550519899,18.31608540460652
1526715990.81,3.0686622320507513,0.16493157176860168,0.016181161246715706,0.023164019692231818,56.360212272789504,17.16254160097973
1526715990.86,2.670706490403987,0.16492356879109515,0.01706415223371407,0.027452807521424198,56.70867735019218,16.41651855963359
1526715990.91,2.4434448070787402,0.16572687571841968,0.01692495579841718,0.0232759137857869,55.76417542875851,14.93101388478733
1526715990.96,2.300276285379404,0.1640593407158063,0.016322572129257574,0.0219875417068502,53.36231818559655,14.053532543590162
1526715991.01,2.021046442781244,0.16357872619320843,0.016048940915314724,0.024166560242362262,52.94658024601789,13.626547326905278
1526715991.06,2.01915266785755,0.16247080733456343,0.015229620022572029,0.022221084816424375,53.50610854112293,14.06721101930739
1526715991.11,2.2443609646889437,0.16469401363192993,0.01287311908996635,0.017830279262834724,53.55398679285745,15.01604419266843
1526715991.16,2.284421573634414,0.16669832683850766,0.01012516073269545,0.017860967392147525,55.01151489982523,15.704070388521759
1526715991.21,2.2273444730654077,0.16848533194087678,0.012233477555710037,0.02396079076363949,55.89082679885307,16.552303346399793
1526715991.26,2.109097907430405,0.1695107028755911,0.016234331448101037,0.024619315003220635,56.55067039414608,17.180895113289953
1526715991.31,2.1705217538779653,0.16968114928112904,0.017305566045556987,0.025538612178809754,56.90973256095116,17.47495627659937
1526715991.36,2.3084708342861706,0.17103947041075396,0.02483524441829388,0.03440369754304196,57.85526721745138,17.821175902226305
1526715991.41,2.43336858829252,0.17060944846002762,0.02525291660033521,0.03375790751358955,56.34670361303996,18.358949763384583
1526715991.46,2.56173333249492,0.16981450861497274,0.02287328966714442,0.03151003537140219,56.144323263968275,18.82203542541906
1526715991.51,2.718159822525717,0.1716804613251533,0.01846733389053895,0.030054202959316666,55.086857008201505,18.78418525123751
1526715991.56,2.6769165608798313,0.17401441184068453,0.018994381566232003,0.028874633315069172,55.45823153357879,18.488507556368933
1526715991.61,2.5952743132436518,0.1718225125428265,0.01361558824800323,0.025487071387541374,55.4046178547082,17.928116627144153
1526715991.66,2.360501116800582,0.17331697896546153,0.013152943244085408,0.02770151133407012,55.62757972415963,17.206752850073673
1526715991.71,2.0379338258893425,0.17463181780068404,0.01315517001826769,0.026160544249655335,55.578950479327915,16.88122179027469
1526715991.76,1.6416117799488528,0.1706386856365962,0.013031491164742675,0.02665468419553203,56.0369391097923,16.581733230440374
1526715991.81,1.4578552541618788,0.16921366370924626,0.012355233551543818,0.02635165216887696,55.243826131882926,16.77751949852438
1526715991.86,1.422935965706395,0.1687971562557125,0.01234629374013904,0.023198289734517923,55.265198377680555,16.74228240113828
1526715991.91,1.4408570860096281,0.16817782115228944,0.013057863353328593,0.02185542072264626,55.69372177606364,16.575611723045608
1526715991.96,1.5543518338245834,0.165607937372882,0.01643723797463731,0.025552697078168343,56.23732369527396,15.392883917568371
1526715992.01,2.0039107183253635,0.1704401518468943,0.015501660343863034,0.0223175456138377,55.2889314308433,15.251970140172913
1526715992.06,2.049066587019051,0.1695126596989438,0.01854510207899654,0.029744234615750143,54.618939494194535,15.013544925097603
1526715992.11,1.9636483139114427,0.16778003091263013,0.017316721436968566,0.028259789939694205,53.8295334521791,14.304064664591348
1526715992.16,2.225890734436845,0.16506639231594628,0.015438306885216798,0.02925241211624779,53.32988417023955,14.630421533310777
1526715992.21,2.5448159792914846,0.1675221451360065,0.01132084089388568,0.02636154967068992,52.868201392467704,15.807185889078324
1526715992.26,2.421271297915881,0.16248636049772835,0.012093168915571093,0.030339396355571657,54.01984295454431,15.485892688387647
1526715992.31,2.412086688501944,0.16108846791156367,0.007912596059569265,0.021816370587764145,53.76698303850256,15.176491460199145
1526715992.36,2.4316638881080337,0.16096907717389947,0.009375290166215609,0.024898771353259883,52.893788055663244,15.599868087478857
1526715992.41,2.208687221708352,0.1605778822091445,0.011327713601042535,0.022691341766827352,53.429458222455565,14.854080135287603
1526715992.46,1.8184452103296347,0.1584495777826876,0.012536538746178869,0.024139845224180206,53.7835039759011,14.199532828174737
1526715992.51,1.8930300978600532,0.1629712551828381,0.013823783410380777,0.02167720570161596,53.25982799527269,14.928957220755306
1526715992.56,2.2448022850813487,0.16754095313291903,0.018373766605746494,0.030094905852733892,52.947950947655826,14.55388880275797
1526715992.61,2.5062149942979097,0.1686994404542254,0.01712039013150947,0.02726228989245038,53.29452340271584,14.779467139656125
1526715992.66,2.588296772895891,0.16832021393071447,0.01569904742750815,0.028000304880379766,51.69428391052523,15.35024344657768
1526715992.71,2.9274950873479852,0.16916262842998409,0.01691230912445202,0.02706230217087193,50.848360224654776,15.473485099211862
1526715992.76,2.77514959179249,0.1620708229811206,0.019116394431171167,0.03368553363679616,50.088837761631545,15.06184824117191
1526715992.81,2.6033586142650065,0.1607500207944043,0.01721924426415085,0.029213952476778254,49.835648247367004,15.715189437091505
1526715992.86,2.60013063894117,0.16019586783234277,0.01652765301161735,0.03044029486474037,50.082642210783874,16.421358983069663
1526715992.91,2.874787406539695,0.16276509939056993,0.01895475351069594,0.03423049972925411,50.63874647044657,16.538566164693318
1526715992.96,3.0855476142531724,0.16624078245122118,0.01699452943532804,0.03214193537288061,50.63895692852516,15.863794557191198
1526715993.01,3.4624165347506555,0.17707750765873834,0.014259027922009863,0.02821451191318999,51.79388521902233,15.954042982545078
1526715993.06,3.8272330579325846,0.18049140559246285,0.014735172045706258,0.02674023463540537,53.381521360321045,16.248050734740225
1526715993.11,3.7126885222339223,0.1822163656286186,0.014165790801468183,0.025078720241374787,54.602307007670376,15.711237044844253
1526715993.16,3.4709502181456626,0.18111543430900795,0.012859057365089997,0.022480690346439354,54.892606473205454,15.589751727236044
1526715993.21,3.0419607638906636,0.17880583211300935,0.013858938723604958,0.022586117509686886,54.580401529730786,16.18091769414194
1526715993.26,2.59326105284378,0.1707371844064984,0.012926800335968356,0.021011192782658943,53.82488292938451,15.964099782042537
1526715993.31,1.9978289852342368,0.16504245650106295,0.01161254929010643,0.02270233015891268,52.942080673251,14.753511840459424
1526715993.36,2.11233345465299,0.16914882663688494,0.015167727045338501,0.0231185865881086,52.138899906379535,14.033661215336686
1526715993.41,2.1200613648167494,0.17190337164868727,0.014881792793423367,0.02096410497118398,52.49017913738417,14.232525575757364
1526715993.46,2.394792872161515,0.1744873898640346,0.01492554238771016,0.023740250816488027,53.5321870239675,14.230672470334813
1526715993.51,2.497623213086375,0.1777615752949308,0.014916087848873653,0.0255168703214883,54.640006925324066,13.825690583395307
1526715993.56,2.850835827862484,0.17424456932348145,0.01726550799327875,0.025067731947019695,55.19757010713743,14.716769410045101
1526715993.61,2.7134763528471577,0.16843558826324062,0.017504010240182017,0.026668762794421274,55.561851427587996,15.976391700948659
1526715993.66,2.7262630370509044,0.16298201745820806,0.01622296196297356,0.027146398648589375,55.28586209366605,17.27391058225966
1526715993.71,2.5742984823642248,0.1577126662659661,0.016216707371680225,0.02716247499996136,54.748233336068466,16.81710863207646
1526715993.76,2.5905764638574116,0.15360775423739584,0.015187272067627558,0.021767933877210682,52.991754976586904,17.28845987064644
1526715993.81,2.467537067223236,0.15676050286591894,0.012051586605962127,0.020672546749962162,51.499699398550604,17.36724275159842
1526715993.86,2.593785509685263,0.15606348921405763,0.014449559133316981,0.029591995476763163,50.492163372912884,16.468083912454148
1526715993.91,2.807282322110064,0.15828023068133446,0.016143622417575065,0.027518512676918287,50.449255694780504,14.661657618078394
1526715993.96,3.070305445331928,0.15779611105672164,0.016774124505985318,0.028910269979602155,50.119394311671,15.033402892300373
1526715994.01,3.0526804631893527,0.15668979875782799,0.016829502910014244,0.03319014725754934,50.71131503192204,15.048965435696669
1526715994.06,2.990875338133744,0.1573211674495689,0.016076202619501892,0.03460873754630547,51.28319197705886,14.866449536021888
1526715994.11,2.862817963112198,0.15737503762785746,0.011629652900201687,0.025100879956563193,50.93602219767503,14.3966616323574
1526715994.16,2.736384513234464,0.15504459379389327,0.016836561554059194,0.034517044142864696,50.08179220182767,14.517081565734378
1526715994.21,2.268781109829711,0.15553318478194073,0.017599306322033544,0.03535287892737887,49.039157702094755,13.612880264288961
1526715994.26,2.507360739291294,0.1559923067270404,0.018972656020246174,0.032529662599299916,47.71096188288662,14.544708034272206
1526715994.31,2.53623429232393,0.15343451211421974,0.019837579437111515,0.032426880960473387,47.67033218034019,14.56544898834184
1526715994.36,2.5201086893932163,0.15486609197611087,0.01968755799780708,0.03487930065192449,48.12127326791941,15.330314584206416
1526715994.41,2.5117187939318306,0.1589532281042348,0.01567547400166132,0.030245730670731573,48.00681617285591,15.354543399050591
1526715994.46,2.6405600223242947,0.1606557257807241,0.01627448229917688,0.026433115905684017,49.442622960016394,16.147910938328895
1526715994.51,2.4990284079647203,0.16403143612183776,0.015851532614471302,0.028052082033173605,50.87026991497388,16.14975191406015
1526715994.56,2.6474881574932954,0.1681919499469843,0.01722105563320044,0.028377621068809967,49.17941230100879,17.034862155498942
1526715994.61,2.6834151671288655,0.1699019793573125,0.017296597487175863,0.026685285000079183,47.69863571155185,16.234122882718232
1526715994.66,2.627410202677141,0.16789276802672265,0.01499644019394851,0.022224560778037767,47.380784805827545,16.35511631398465
1526715994.71,2.526003201077703,0.1683129230160086,0.012791993683989767,0.023056821034073804,46.59106499095733,17.34833977296459
1526715994.76,2.13146977032894,0.16816047667368456,0.01185264982404353,0.02167144530239684,46.007180631304955,16.851886898196632
1526715994.81,1.5586744769396648,0.16375970460866893,0.01035715987499067,0.02422779889248994,47.93076142875308,16.691650893296146
1526715994.86,1.3929085617930768,0.1592339213048496,0.008984626346167618,0.02138149678951449,50.328120105717154,17.82271029384997
1526715994.91,1.2724037602931202,0.15725406505365716,0.009273870545682837,0.022404458527206652,51.92400732452779,18.40429582975699
1526715994.96,1.36102067324001,0.15662120557591505,0.009379679799312871,0.020926855513496136,53.2790361624302,17.434783774399
1526715995.01,1.5887553489785267,0.1565761660330621,0.008618435670666273,0.022096804824682223,54.861578791472375,16.92941251622967
1526715995.06,1.9571407878643472,0.15910710678648116,0.007774375950865177,0.01633130321621842,55.454007336231996,16.585521068103063
1526715995.11,1.9427294627703005,0.16051786509094262,0.009850623063340141,0.017706185486451448,54.79613260957965,16.26535036575401
1526715995.16,1.810710410969587,0.15929870633056076,0.012423180755627964,0.02344419292600864,54.533265270595415,15.869595743044966
1526715995.21,1.7526162904796634,0.15726577306195447,0.014860055858118826,0.028133834973889913,53.898636226648016,16.50181325695555
1526715995.26,1.4581917066640444,0.15547228198419732,0.018425750473813986,0.028665745311608128,51.860601082458494,16.738594750156388
1526715995.31,1.3845220414235053,0.15294397007137153,0.02159842012548678,0.030271155385209265,51.11308442084478,16.372231629842297
1526715995.36,1.4220589247745317,0.15268221560930353,0.01999156855106623,0.030365288968419973,50.73289731212688,16.550369935284664
1526715995.41,1.6005880255618308,0.1561716429549842,0.020863655445411706,0.028902156500241555,49.928852076214774,16.39912048550196
1526715995.46,1.6722373998460673,0.1581252194337593,0.018423554407955227,0.025623374271412883,49.517002370045134,16.262893810307503
1526715995.51,1.7365395856821386,0.15931315336508908,0.018427378279232777,0.025949536043335813,51.214033309945556,17.183331023097892
1526715995.56,1.7076558845471743,0.16154156791002905,0.01704642019318616,0.02582019822980056,50.6672000355131,17.97946806959692
1526715995.61,1.730970447178534,0.16068977829523234,0.020172404004568992,0.028901246466908163,50.10463738895975,17.616452702795737
1526715995.66,1.8159554172676584,0.15769255922270514,0.022373607273717035,0.030805325184927245,50.265213145388635,17.111088959467097
1526715995.71,1.5263367798272236,0.15553224404836102,0.022624451767967856,0.02915097544967848,50.971366927431724,16.144329644438663
1526715995.76,1.6707666645658845,0.15537062407862798,0.023059504226970024,0.027681972425390087,50.90316516191641,15.275439336901766
1526715995.81,1.6389084867364294,0.15615002637848377,0.02213382045090077,0.026775205158243175,50.69558532145621,14.534590657092922
1526715995.86,1.6213691079210748,0.15594736695281447,0.02173448545851358,0.023881740307418898,51.427035285819116,14.248222676015557
1526715995.91,1.4091142815727251,0.15841822588053672,0.01969048253099644,0.022034374694113627,50.86626080581955,15.590474870170695
1526715995.96,1.6382333368790523,0.15944092223378087,0.0184366466887011,0.021694680789904223,49.58180410643327,16.383559784137447
1526715996.01,1.6836863162645441,0.1582280489846743,0.016168455106041146,0.023712237945488972,48.799005624486455,17.818637737699056
1526715996.06,1.841470084465833,0.16239267356249276,0.016910079766893737,0.027928671481915208,49.18074664021922,19.076051087327098
1526715996.11,1.7937511734891451,0.1641936014708472,0.014564877892160103,0.026448396478027686,48.1014927767215,19.912601618192742
1526715996.16,1.8529614143297921,0.16565054480331837,0.012631421676454311,0.02470348473818972,49.57888068174811,19.076630955912407
1526715996.21,1.6973908023421673,0.16897406946027743,0.015006421957846837,0.029107223215370483,50.25339384301701,19.25252737632543
1526715996.26,1.7972369208794674,0.17340546767238096,0.016736089834239732,0.029203822601599157,48.963837841042896,18.418624776659374
1526715996.31,1.7874772482110863,0.1688588849564179,0.01853203636585102,0.028881626293687016,48.209455611696946,18.290437384954732
1526715996.36,1.7728206677464144,0.1689068313079696,0.020005768003955118,0.03188761052696819,47.85865735317525,18.16457415079252
1526715996.41,1.9404623369757448,0.16815562727478411,0.020438104632216698,0.03251359811005631,48.219373276548744,18.714708189227075
1526715996.46,2.184779904248432,0.16849656071121563,0.02088952339256312,0.03147654024725695,47.76805057039541,18.21516689378968
1526715996.51,2.0941929030038455,0.1665817666169741,0.020314097616310693,0.030063104148199602,49.00138763460589,18.164395938868797
1526715996.56,1.829190998689865,0.16378720040961336,0.018599212503452207,0.027024635642902677,50.3832419089653,17.442071527791967
1526715996.61,1.5845459878806638,0.16399002349148276,0.016026330474730743,0.02322571310691454,51.883403491191835,17.436344529394617
1526715996.66,1.3496839435637047,0.16251879046602952,0.01424332607046641,0.019487051944427358,51.387407451624064,17.51140984044867
1526715996.71,0.9473099651019009,0.1576879896885379,0.011947966256769764,0.019045877264754433,50.81306690974548,18.7196133940382
1526715996.76,0.8652193723819404,0.15700107165280625,0.0105088830536588,0.0192756786946227,50.06019351298251,19.298554836365973
1526715996.81,1.0792585705077065,0.15743804220047147,0.00995048691868446,0.017901397204643624,49.82284612056478,19.299683774249083
1526715996.86,1.4445446128824686,0.15646438960354966,0.011603458813081516,0.021635969486392497,49.96514664519454,18.849790876204736
1526715996.91,1.5712086721719454,0.1589877336530944,0.01419932141528039,0.023849876843827215,49.662636795792416,17.5120796991581
1526715996.96,2.0620417538848375,0.15885793487185307,0.015273539734951101,0.025418785364299916,51.50230433346917,16.029995210868666
1526715997.01,2.286020863986705,0.16136443529863667,0.017713060763333885,0.027857274538268178,52.211601279282846,14.984724388040808
1526715997.06,2.4798465052818335,0.1677410503874268,0.019393302266326184,0.030145326666711655,52.40302230936218,14.430867537075443
1526715997.11,2.7065664772749582,0.17402001027579064,0.01874028306400481,0.029420275520368064,52.282319999165786,15.051323695163259
1526715997.16,2.7387726792938585,0.17774398244938047,0.016504940188534163,0.03078821609941242,51.934638935736466,15.775546351538173
1526715997.21,2.5245038052278885,0.1787724151846223,0.018649523771417223,0.031168944795480824,51.092154332674994,16.39022794863579
1526715997.26,2.2705510140171423,0.17535469817584864,0.01631450573224637,0.030647642114647513,51.013548820900986,16.420812705027128
1526715997.31,1.778902985239026,0.17167933815255007,0.015582316769705281,0.03009741418699955,51.352454644913664,16.557321399290455
1526715997.36,1.3429504576997144,0.16824122607974207,0.015032650920412338,0.028053805366444414,51.835822366624775,15.927444308259206
1526715997.41,1.2478241456039407,0.16556444892216005,0.014484311016328423,0.027356632254635475,52.581816659232715,16.04625410362404
1526715997.46,1.2701090047050871,0.17146167294767817,0.011923157872043493,0.02464586009190406,53.82000102178365,15.917729036203541
1526715997.51,1.425589219940283,0.17491318487701024,0.010244695008327186,0.024258823350564764,54.51471842129909,16.243862377585515
1526715997.56,1.846491186017793,0.17931766627812282,0.010677292989877608,0.026862524771778393,55.51591353744754,16.287168874752336
1526715997.61,2.1515950620133033,0.18337744672859904,0.014338726743326187,0.029412851694303792,55.3732708013486,16.19196500411724
1526715997.66,2.3191754976626644,0.1874489950659932,0.01504551947654615,0.027819725471180168,55.496047517007284,16.315850929974864
1526715997.71,2.3572053939714874,0.18862194470048987,0.016346644758020803,0.028594272676493292,54.97754346161415,16.121157965501634
1526715997.76,2.3601721125991357,0.19018623241294355,0.017800720211039373,0.023954362866870558,55.14605562112525,15.423812427842282
1526715997.81,2.078864924621851,0.18500449899195937,0.020019749313293537,0.02750692444665159,53.25976725810967,15.925046029316976
1526715997.86,1.724870978222127,0.18126762897856727,0.016797006288432784,0.02260114530230364,52.488626268399216,16.243138731112378
1526715997.91,1.8054323418278133,0.17683318639418819,0.01645933027328087,0.023452985489580948,51.65230929469005,15.55637984467283
1526715997.96,1.7402712451781568,0.17290157705309941,0.014344487520780215,0.02363974745210857,50.59120218839169,15.28857243298207
1526715998.01,1.9427711566945796,0.16872842313056008,0.01304755638889287,0.024004036125985687,49.64035942912667,15.658079662211865
1526715998.06,2.0638137453755783,0.17093487386187492,0.008635309793948796,0.017592171993768346,49.897088186299406,16.176500070441904
1526715998.11,2.140131972219837,0.16774751884485856,0.007921697744413933,0.019995275888248183,50.14870137848997,16.846797790251493
1526715998.16,1.9762465506814852,0.16475886028651604,0.008809856548150653,0.020311457074337964,50.45097930899516,17.418842567855915
1526715998.21,1.8805679030735893,0.16490771159975812,0.010564217042372773,0.021009652807229353,51.13968214950046,17.106068938765542
1526715998.26,1.6276170744459642,0.16092771441161982,0.011927632640614333,0.022350778894619422,51.16850147576314,16.697892511564113
1526715998.31,1.4291063438452516,0.1561819972611912,0.01292952741632558,0.021625097331144823,51.894680252554934,16.289448301559407
1526715998.36,1.5252408050754906,0.15859510345435712,0.013657809813049017,0.02356244577378949,51.06898838612986,15.844539790557464
1526715998.41,1.2401111644015068,0.16122592917067413,0.012694582629111611,0.022628177223334246,50.11050975442646,16.36151940657245
1526715998.46,1.2740075072477786,0.1594597585373306,0.009557257334783643,0.01871457823022259,50.39706292025906,17.90579723754324
1526715998.51,1.075121755204632,0.16396095436711028,0.01043266480870001,0.020545507095843914,50.961211683184935,18.897908173922513
1526715998.56,1.3908381855893417,0.1663373640919146,0.010364891922887379,0.018390155911880333,49.517487781351385,18.1807995731347
1526715998.61,1.60966808467872,0.1674212018017254,0.012217099360963773,0.020459420396934352,49.949656835511206,18.23661811131986
1526715998.66,1.9040404738992351,0.16706677434562595,0.013082176171286894,0.020422363682824782,50.58678057209399,18.165469347595412
1526715998.71,1.9884021445505602,0.16672147124803108,0.014995620620355227,0.021694054966894447,50.485105453483094,16.999432290805736
1526715998.76,2.0341918431332866,0.1646651487928801,0.013344104066324343,0.018169215441762525,51.37484962166265,16.479910609909233
1526715998.81,1.9111097021052217,0.16729075100030188,0.013449448883516714,0.02123457599027506,52.87668307027519,17.0786908104516
1526715998.86,1.61400350245489,0.16620691275203492,0.014965214404780732,0.02338362216975074,54.14365050292842,17.114506829726672
1526715998.91,1.5685610873951792,0.1695101603675114,0.013990200631682874,0.02539136157500439,55.13111404101978,15.981079896431922
1526715998.96,1.4778199686492768,0.17155973784809497,0.014120539402492208,0.026178594727376762,55.614151285037885,16.07937687970029
1526715999.01,1.558523811780762,0.17070637610779338,0.013892900742211323,0.028014489865566698,54.80462817411425,15.86506122174824
1526715999.06,1.603949178048448,0.1695643264430531,0.01296079551416212,0.027292707037510307,53.49451100051956,15.731374523014438
1526715999.11,1.5691687499588658,0.16817381124303935,0.009208137015066483,0.02226155681558008,52.06410823692077,15.419290334000403
1526715999.16,1.575814615762785,0.16482492535228946,0.014820865087195201,0.029246586726040608,51.4334888630425,16.07789260194952
1526715999.21,1.8997874744012848,0.16176309882689494,0.013619745255102747,0.025907929243215843,51.13865927831958,15.710366189082492
1526715999.26,2.2956095601426503,0.16568052471855785,0.013824124693328325,0.02706128245175959,51.5660888350469,15.990900825164266
1526715999.31,2.477655185867113,0.16484903334526416,0.015279138218933922,0.033060757130974804,51.923720838987364,15.278936839151429
1526715999.36,3.1638282738789045,0.16778296423876066,0.016497393854932162,0.029583511750846937,51.85577092873189,15.216090040403044
1526715999.41,3.674427339309442,0.17423479218614948,0.01250292729587244,0.022807424031652344,51.75925161623693,15.143017262841033
1526715999.46,3.7501384166809553,0.17948146942783155,0.013630494920795929,0.024238499865345278,52.11627412062251,16.64813799279409
1526715999.51,3.2640511085182937,0.17859927322159336,0.01736977717078914,0.027369739139035693,52.79947436801855,16.93151724882375
1526715999.56,3.2638166996178457,0.18208328661688683,0.0175302094779684,0.021664843115209245,52.54466953513237,17.60468723611384
1526715999.61,3.0504459872924437,0.18606592863290036,0.016121518358825457,0.024356172865393245,52.655284905749596,17.409522451267527
1526715999.66,2.5257889089220966,0.1834274942437488,0.014053237980164161,0.022562206354727863,53.31063302023948,17.2968507112937
1526715999.71,2.184907293249453,0.18264649821543605,0.01416946274777186,0.023271474502970967,53.609645049966524,16.47003241606889
1526715999.76,2.4983073452785254,0.18317989272283314,0.009862095088466995,0.016780678645718736,53.1885015350782,15.498479105204309
1526715999.81,2.3295704602528833,0.18043179036566598,0.010908675254957327,0.019369842358733153,54.449827092909814,14.183152880045581
1526715999.86,1.8505593785435395,0.17340567686332614,0.012685224306864605,0.023102252580972694,54.64080267039146,14.134869647257924
1526715999.91,1.9733305605923468,0.17104590572348022,0.014173061544385263,0.021648248501712753,54.63431848182478,13.741710548962873
1526715999.96,2.0083648759293293,0.17507315913343835,0.015117654447133831,0.022455086822137905,52.30557606976771,13.31745529310447
1526716000.01,1.6157635930480139,0.17451809134429314,0.01898046084965613,0.029738571648619528,50.07909053364566,13.282526651621492
1526716000.06,1.4937340138016006,0.17461013668395053,0.01664414652457938,0.027840107533785834,48.36644806492785,13.943605033477224
1526716000.11,1.6975308343580693,0.17558300541082295,0.015242165977423174,0.023465265204750237,48.09200343171497,13.939473817648613
1526716000.16,1.5897767571003407,0.17265686205513858,0.014226930145858616,0.023475811364023113,46.69752227664593,15.29779308368863
1526716000.21,1.4816257033555895,0.16556286721901398,0.016255618072448994,0.028547896068177484,48.22148213361033,16.612508812463865
1526716000.26,1.66122616295821,0.16568861440948388,0.015667746041018213,0.02605535393442876,49.168177929848206,18.05266456693491
1526716000.31,1.626879490331527,0.16227891559998017,0.015479345582653015,0.026798220145824492,49.333003179722986,18.533706786481783
1526716000.36,1.6986051172443977,0.16393468146745138,0.017634928153348554,0.030765120983302897,49.34493964849964,19.30361324134939
1526716000.41,1.54829982376499,0.1670329956506184,0.01789257976827409,0.031118958443266308,49.851015795039544,18.76132063705933
1526716000.46,1.505640940474761,0.1693735821866123,0.018058650975787807,0.029232521353710017,49.70544581227982,17.93931168139716
1526716000.51,1.529214687366396,0.16910044334601465,0.019244172702465125,0.028254195394630352,50.05262116914704,17.40187563962483
1526716000.56,1.5820172039383003,0.1716217328789008,0.019775577930670026,0.026245615752007328,51.936826214477286,16.97632399266043
1526716000.61,1.275729089200563,0.16890370550028452,0.017059345667711275,0.023991252281357792,52.655732216629914,16.79191689960392
1526716000.66,1.255872329932156,0.1710263251705855,0.018050023524314437,0.025433353363862224,53.756139411960085,16.935293658795135
1526716000.71,1.2542935711943908,0.17244133519617083,0.017245869834467145,0.028281312262338643,53.96257242794568,17.369920068228414
1526716000.76,1.47458278877741,0.1756931236870137,0.013707862486901722,0.023844680539436572,54.19487569297028,17.161147826984173
1526716000.81,1.4099570604900058,0.1786203331214826,0.012893614506732983,0.023825350170510316,54.07826893118535,17.81770951962325
1526716000.86,1.6234260980276582,0.18044826187943297,0.016616672713745794,0.02743090075701277,53.899519355864506,18.01690311061383
1526716000.91,1.6778008139557368,0.17766305822247652,0.014373704714330538,0.023975267107946893,52.62884499207195,18.6809009019026
1526716000.96,1.9278004152301653,0.17649250401420224,0.013009127895597388,0.019781621716300747,52.18301475501161,19.408145285127993
1526716001.01,1.950668102497459,0.17337756006650515,0.01206457241862375,0.020848419032398244,52.27185880366901,19.31094858374506
1526716001.06,2.1503250760142043,0.17189225118380316,0.013538307725045984,0.0191965880820243,52.33175676824153,19.078499075277723
1526716001.11,2.2236796074408245,0.17045053289771095,0.011761919847158095,0.01617738690831277,51.58336169124749,18.804024391040382
1526716001.16,2.3068070292229454,0.16676990519711943,0.014343905691753504,0.02212973793527937,52.15941352890231,18.06449649641226
1526716001.21,2.330977124679908,0.16226190191784448,0.0146549368154186,0.019231782923319257,51.2469205429817,16.830399271579783
1526716001.26,1.9735761335890054,0.15863501257604753,0.019908141443028153,0.026873909833428227,50.663471359903525,16.685435737955334
1526716001.31,1.8410182960093626,0.1546128114756599,0.020483043098968663,0.029602577189466885,50.01827309661658,16.69110237414218
1526716001.36,1.8368764951560985,0.15559734527328462,0.01906670147384963,0.0313881933135755,51.249755513116874,16.263687408188073
1526716001.41,1.9942363381426744,0.15917310004382085,0.017798947218412967,0.02882790377164648,51.508117241288616,15.807277455146448
1526716001.46,2.0646180413867623,0.1638717595399007,0.017684411768290297,0.032050925384208416,53.1608524113844,14.80423271874929
1526716001.51,2.6839721680154396,0.16795164977550878,0.013322525389744697,0.024143485508033437,53.157539605098904,14.128208759340328
1526716001.56,2.91988234300353,0.17227748061715095,0.012847990993424312,0.023950468835457775,52.89079860533664,13.177955165096952
1526716001.61,3.163558766974646,0.17374550211628,0.013903140363301845,0.021960909064062083,52.689608723326174,12.977240000445112
1526716001.66,3.3520781993254842,0.17674527179283983,0.013707600139291867,0.02051758203714847,52.528265278198205,12.908358622565752
1526716001.71,3.180472747909164,0.1730266409246258,0.01475200091532908,0.01833028708895966,52.38004445046554,13.568036311170218
1526716001.76,2.82473917085452,0.17140298545601218,0.01608267291828728,0.01820678746395188,53.401000971503315,14.610843816177441
1526716001.81,2.5111743134313413,0.17019522663889886,0.018664343304308717,0.019933278417850215,53.05073248997448,15.491417457856508
1526716001.86,2.0748539934312498,0.16860475337909403,0.01832323541649362,0.01846843096956479,52.13522768621965,16.213277315061628
1526716001.91,2.0829442535792695,0.16731854464700593,0.021537078359164664,0.024615639888345583,51.852752988345244,16.146837359102587
1526716001.96,2.053577352506325,0.17174914814769524,0.022586993483966724,0.02925905304418486,50.99064919710323,16.59584185609128
1526716002.01,2.0115257287994206,0.17689963704441403,0.02421428207648453,0.03203937171074419,49.79337697444341,15.91599490672929
1526716002.06,2.1723737382035253,0.1763908964852779,0.02070414350876771,0.029280573949532072,50.016727024441344,15.773678050111888
1526716002.11,2.3650377133438303,0.177305931683981,0.019439329129932383,0.028706703005267693,51.356665024716776,15.000705691114112
1526716002.16,2.111289223145572,0.17499725349017156,0.02005876221922702,0.030633377125954903,52.24619441988286,15.256812770663842
1526716002.21,2.0890633148210767,0.17126782522241765,0.01819048062016445,0.03222837735585003,53.48454928109487,15.23940595875503
1526716002.26,2.12564721824505,0.16723930567896833,0.0160469699979005,0.035555355516574794,54.74429934808649,15.908867057443592
1526716002.31,2.3448809760103724,0.16655452778295532,0.016311650420642945,0.03597537991649416,55.67919340755802,16.9274878558952
1526716002.36,2.382022715033488,0.16354712192043783,0.018204517845560878,0.03610419218197223,55.23606681797187,18.313140977704524
1526716002.41,2.4542315425033645,0.16228529960897345,0.014882855755401091,0.029333574259377944,54.21499990403673,19.009655596406226
1526716002.46,2.615147913006296,0.1618833047356873,0.01506427573011853,0.024807113794233518,52.74026311501816,19.218936613081688
1526716002.51,2.8338922067866035,0.16064032899005368,0.019362328831378492,0.025548406425417537,51.281982373964446,18.6218318471191
1526716002.56,2.691205419635982,0.15989214149684333,0.01832342299617644,0.02478119840050348,50.63402380603228,18.087431277220507
1526716002.61,2.598958138347513,0.15949121755845663,0.01747366422533441,0.023808739511969743,50.587457594804484,17.06015645365702
1526716002.66,2.5384379569445557,0.16126259502666673,0.018013017579265437,0.02562521088212296,51.36315967956525,16.373850126591762
1526716002.71,2.4725676743629657,0.1598052133231626,0.015702046321991125,0.021370829219451694,51.72920604292213,15.576909941621068
1526716002.76,1.9073825771609476,0.1561815877477872,0.015290247012915684,0.021888827245621568,52.100967715661646,16.548198704099267
1526716002.81,1.8599805595741512,0.15630268271932576,0.016765131185593866,0.02323529547254595,52.16764191597034,16.769513245850977
1526716002.86,2.074827818373648,0.1572403673999671,0.01799793486904134,0.024673564125220347,51.81795215044647,16.92750241822575
1526716002.91,2.1812738023948612,0.15631194681760605,0.017496244070298834,0.024089832201184262,51.148829537721646,16.211812083992882
1526716002.96,2.2749763759221127,0.15963076315210795,0.01779721300913671,0.02642493628105773,51.55313499629697,16.648600306283015
1526716003.01,2.4830960418483494,0.16154047040576283,0.015656007980992738,0.023215788514748068,52.56304109724582,16.136525931254585
1526716003.06,2.491404825278027,0.1619650665513417,0.016851942078239437,0.023974034299611386,52.63372796554659,15.904837725468107
1526716003.11,2.4070625399524586,0.1602420535431867,0.01775225940374056,0.027782900100664497,53.21358051710375,16.678082054142752
1526716003.16,2.187566427717979,0.1587147317966212,0.01792712974330393,0.027097415666243373,52.95293885070754,17.849362274478953
1526716003.21,2.2108270985449243,0.16119910909758142,0.01671350055432259,0.02596083041775709,52.275789688364284,17.836735611201615
1526716003.26,2.122614969677796,0.1634310172998012,0.016847445404086742,0.028988214849824542,50.9921529722103,17.483345116567644
1526716003.31,1.911313095607543,0.16123936509468823,0.0137849217348358,0.02570601187874392,51.989412437989564,17.09367389448063
1526716003.36,1.7387364509198628,0.15993797836429466,0.01745910745159816,0.02995358343300142,52.372748489950865,16.91125097918663
1526716003.41,1.5878671491403389,0.16043021589250298,0.0170781639608266,0.027883465689511947,52.53116627237375,16.70228332041295
1526716003.46,1.2369243785406716,0.15554889379597556,0.017944995805389777,0.02848764559882911,53.070426236991466,16.268296529375842
1526716003.51,1.252530541534348,0.15526339996518063,0.01375110380192558,0.02147413508503704,53.65979715263323,16.473935405085577
1526716003.56,1.2747741664699253,0.156596280598012,0.016012944150755628,0.025088970295916946,53.05497651658216,18.008093901454757
1526716003.61,1.1901784778927984,0.15882558154289533,0.011367957392985484,0.01981062566964774,52.71711609613545,17.791736036279413
1526716003.66,1.4608551373655787,0.1576578922972926,0.01182046104648698,0.02337050319442855,53.840037304102566,18.264279900161732
1526716003.71,1.5365796559539058,0.15772343570897415,0.012933044434870568,0.027089668511795416,53.976971763926144,18.973440673141756
1526716003.76,1.6161486618775134,0.15580528873577398,0.014656655309344709,0.02975971611303812,53.91973853679502,19.18052203929384
1526716003.81,1.7668810139830682,0.15701621905399427,0.015507492800429104,0.028941900659332498,54.42334629474294,18.546285415878422
1526716003.86,2.0024994147619273,0.15691692997083773,0.012424643961457676,0.02708077723357073,53.857430957128216,18.69130336555008
1526716003.91,1.7630896714051203,0.15891901959134083,0.012744735638384793,0.025864142445109213,52.40122746373284,18.119776541133138
1526716003.96,2.0146239180245984,0.15935795120421567,0.011570351890644768,0.023406372705758592,52.236182038743856,17.834592653990974
1526716004.01,2.151292013366113,0.16259800868312857,0.011199748697670521,0.025064854770466997,52.577688746089365,17.672067615757104
1526716004.06,2.2862487988952016,0.16332661612526675,0.008562062077980038,0.022824745838974113,51.652200876901475,17.50893484528446
1526716004.11,2.008559359614397,0.1646208139474654,0.011579065718510433,0.023498132706840105,51.82909004724008,16.625286681910485
1526716004.16,2.2457445776835794,0.16576300536109664,0.010805543602458315,0.02376491076390044,51.86313616561387,16.767209427423076
1526716004.21,2.245745345051384,0.16650402494131156,0.011743568109920067,0.023330737813651234,51.784415994636426,16.676045332687238
1526716004.26,2.0794242354324646,0.16639916830338242,0.014421345614486322,0.02371839817365438,51.9264625598853,16.22727447821549
1526716004.31,2.178829454635257,0.16923479905332,0.018642873408608252,0.031051514172580823,51.121019870060124,15.674159794946393
1526716004.36,2.2123243828356056,0.17194049271780723,0.01852716217528476,0.029707500071083644,50.881180345627584,17.050454023711545
1526716004.41,2.2126953131576244,0.17080999522682577,0.018030298890278136,0.02702047281799515,50.75685796363723,17.600974186233305
1526716004.46,2.0321396199732993,0.17051793352659073,0.018144722680623497,0.026156980436784456,50.38123496296914,17.17800712665772
1526716004.51,1.8487968507556336,0.16885692186416706,0.016654055316496615,0.026171999192242355,49.743799912540695,17.794646450635327
1526716004.56,1.6749323233460027,0.1674556784070855,0.018208986840867827,0.026350221087814218,50.83736270377201,18.320139195904268
1526716004.61,1.8430283145907518,0.16798919800314727,0.018532442176076594,0.031167182568728774,51.10372524844241,17.72466596200266
1526716004.66,1.835090900405831,0.1730707288728547,0.02170679275388595,0.03511350375471001,52.06306129105292,16.585721285636573
1526716004.71,1.676707055896934,0.17536180480843888,0.023727572313525354,0.03844270495336704,53.83277480343457,17.10025092520951
1526716004.76,1.6516659878320534,0.1751853581126347,0.022529056558217114,0.03524326894443607,54.16203696580978,16.11420874363709
1526716004.81,1.643714443246986,0.17476507543655537,0.01878528143541289,0.03213088570821763,54.193082567709894,15.030780492587713
1526716004.86,1.7572071038265895,0.1753816173112103,0.01827029987658252,0.030294544326772324,54.27295102090341,15.223429052051278
